-- phpMyAdmin SQL Dump
-- version 4.9.0.1
-- https://www.phpmyadmin.net/
--
-- Host: 127.0.0.1
-- Generation Time: Oct 31, 2019 at 03:50 AM
-- Server version: 10.4.6-MariaDB
-- PHP Version: 7.3.8

SET SQL_MODE = "NO_AUTO_VALUE_ON_ZERO";
SET AUTOCOMMIT = 0;
START TRANSACTION;
SET time_zone = "+00:00";


/*!40101 SET @OLD_CHARACTER_SET_CLIENT=@@CHARACTER_SET_CLIENT */;
/*!40101 SET @OLD_CHARACTER_SET_RESULTS=@@CHARACTER_SET_RESULTS */;
/*!40101 SET @OLD_COLLATION_CONNECTION=@@COLLATION_CONNECTION */;
/*!40101 SET NAMES utf8mb4 */;

--
-- Database: `cake_db`
--

-- --------------------------------------------------------

--
-- Table structure for table `tbl_admin`
--

CREATE TABLE `tbl_admin` (
  `user_id` int(3) UNSIGNED NOT NULL,
  `fname` varchar(50) COLLATE utf8_unicode_ci NOT NULL,
  `lname` varchar(50) COLLATE utf8_unicode_ci NOT NULL,
  `address` varchar(200) COLLATE utf8_unicode_ci NOT NULL,
  `tel` varchar(10) COLLATE utf8_unicode_ci NOT NULL,
  `email` varchar(50) COLLATE utf8_unicode_ci NOT NULL,
  `user_name` varchar(30) COLLATE utf8_unicode_ci NOT NULL,
  `pass_word` varchar(30) COLLATE utf8_unicode_ci NOT NULL,
  `admin_status` varchar(1) COLLATE utf8_unicode_ci NOT NULL
) ENGINE=MyISAM DEFAULT CHARSET=utf8 COLLATE=utf8_unicode_ci;

--
-- Dumping data for table `tbl_admin`
--

INSERT INTO `tbl_admin` (`user_id`, `fname`, `lname`, `address`, `tel`, `email`, `user_name`, `pass_word`, `admin_status`) VALUES
(2000, 'ฐาปนา', 'เสานาราช', 'ขอนแก่น', '938089211', 'thapana.senarach.w@gmail.com', 'admin', '1234', '0');

-- --------------------------------------------------------

--
-- Table structure for table `tbl_bill`
--

CREATE TABLE `tbl_bill` (
  `bill_code` varchar(20) COLLATE utf8_unicode_ci NOT NULL,
  `bill_date` date NOT NULL,
  `customer_id` int(11) DEFAULT NULL,
  `bill_note` varchar(255) COLLATE utf8_unicode_ci DEFAULT NULL,
  `user_id` int(11) DEFAULT NULL,
  `update_date` timestamp NOT NULL DEFAULT current_timestamp() ON UPDATE current_timestamp(),
  `bill_status` enum('N','W','Y') COLLATE utf8_unicode_ci NOT NULL DEFAULT 'W',
  `send_date` date DEFAULT NULL,
  `car_id` int(11) DEFAULT NULL,
  `staff_id` int(11) DEFAULT NULL,
  `sum_qty` int(11) DEFAULT NULL,
  `sum_price` decimal(8,2) DEFAULT NULL,
  `pay_over` decimal(8,2) DEFAULT NULL,
  `money_change` decimal(8,2) DEFAULT NULL
) ENGINE=InnoDB DEFAULT CHARSET=utf8 COLLATE=utf8_unicode_ci;

--
-- Dumping data for table `tbl_bill`
--

INSERT INTO `tbl_bill` (`bill_code`, `bill_date`, `customer_id`, `bill_note`, `user_id`, `update_date`, `bill_status`, `send_date`, `car_id`, `staff_id`, `sum_qty`, `sum_price`, `pay_over`, `money_change`) VALUES
('BL6210-0001', '2019-10-31', 3001, '', 2003, '2019-10-31 02:38:09', 'Y', '2019-11-01', 4003, 4004, 2, '1224.00', '1500.00', '276.00');

-- --------------------------------------------------------

--
-- Table structure for table `tbl_bill_list`
--

CREATE TABLE `tbl_bill_list` (
  `bill_list_id` int(11) NOT NULL,
  `product_id` int(11) NOT NULL,
  `bill_qty` int(11) NOT NULL DEFAULT 0,
  `bill_price` decimal(8,2) NOT NULL DEFAULT 0.00,
  `bill_code` varchar(20) COLLATE utf8_unicode_ci NOT NULL
) ENGINE=InnoDB DEFAULT CHARSET=utf8 COLLATE=utf8_unicode_ci;

--
-- Dumping data for table `tbl_bill_list`
--

INSERT INTO `tbl_bill_list` (`bill_list_id`, `product_id`, `bill_qty`, `bill_price`, `bill_code`) VALUES
(1, 10001, 3, '360.00', 'BL6210-0001'),
(2, 10006, 3, '48.00', 'BL6210-0001');

-- --------------------------------------------------------

--
-- Table structure for table `tbl_car`
--

CREATE TABLE `tbl_car` (
  `car_id` int(4) UNSIGNED NOT NULL,
  `car_name` varchar(150) COLLATE utf8_unicode_ci NOT NULL,
  `car_code` varchar(20) COLLATE utf8_unicode_ci NOT NULL,
  `car_color` varchar(50) COLLATE utf8_unicode_ci NOT NULL,
  `car_status` enum('N','Y') COLLATE utf8_unicode_ci NOT NULL DEFAULT 'Y'
) ENGINE=MyISAM DEFAULT CHARSET=utf8 COLLATE=utf8_unicode_ci;

--
-- Dumping data for table `tbl_car`
--

INSERT INTO `tbl_car` (`car_id`, `car_name`, `car_code`, `car_color`, `car_status`) VALUES
(4001, 'หกล้อ', '1กท3658', 'ดำ', 'Y'),
(4002, 'รถดั้ม', '2กก3654', 'เทา', 'Y'),
(4003, 'กระบะตอนเดียว', '3ขข5555', 'ทอง', 'Y'),
(4004, 'สิบล้อ', 'กข123', 'ขาว', 'Y'),
(4006, 'หกล้อดั้ม', '1กท3654', 'น้ำเงิน', 'N'),
(4007, 'รถตู้', '5กน666', 'ลายโดราเอมอน', 'Y'),
(4008, 'กะบะสี่ประตู', '1กท3659', 'เหลืองแดง', 'Y');

-- --------------------------------------------------------

--
-- Table structure for table `tbl_customer`
--

CREATE TABLE `tbl_customer` (
  `customer_id` int(3) UNSIGNED NOT NULL,
  `fname` varchar(100) COLLATE utf8_unicode_ci NOT NULL,
  `lname` varchar(100) COLLATE utf8_unicode_ci NOT NULL,
  `address` varchar(200) COLLATE utf8_unicode_ci NOT NULL,
  `tel` varchar(10) COLLATE utf8_unicode_ci NOT NULL,
  `email` varchar(50) COLLATE utf8_unicode_ci NOT NULL
) ENGINE=MyISAM DEFAULT CHARSET=utf8 COLLATE=utf8_unicode_ci;

--
-- Dumping data for table `tbl_customer`
--

INSERT INTO `tbl_customer` (`customer_id`, `fname`, `lname`, `address`, `tel`, `email`) VALUES
(3001, 'มนีรัตน์', 'แสนหวาน', '228 หมู่ 1 ต.นาโพธิ์กลาง อ.โขงเจียม จ.อุบลราชธานี', '899563254', 'cake@gmail.com'),
(3005, 'เมหาสวน', 'ราชการ', '676/3 หมู่1 ต.โขงเจียม อ.โขงเจียม จ.อุบลราชธานี', '918617832', 'sachai@hotmail.co.th'),
(3007, 'สุปรีดา', 'แสงมณี', '78 หมู่4 ต.เก่าขาม อ.น ายืน จ.อุบลราชธานี', '23124568', '');

-- --------------------------------------------------------

--
-- Table structure for table `tbl_income`
--

CREATE TABLE `tbl_income` (
  `income_code` varchar(20) COLLATE utf8_unicode_ci NOT NULL,
  `bill_code` varchar(20) COLLATE utf8_unicode_ci DEFAULT NULL,
  `bill_date` date DEFAULT NULL,
  `income_date` date NOT NULL,
  `shop_id` int(11) DEFAULT NULL,
  `income_note` varchar(255) COLLATE utf8_unicode_ci DEFAULT NULL,
  `user_id` int(11) DEFAULT NULL,
  `update_date` timestamp NOT NULL DEFAULT current_timestamp() ON UPDATE current_timestamp(),
  `order_code` varchar(20) COLLATE utf8_unicode_ci DEFAULT '',
  `income_status` enum('N','Y') COLLATE utf8_unicode_ci NOT NULL DEFAULT 'Y'
) ENGINE=InnoDB DEFAULT CHARSET=utf8 COLLATE=utf8_unicode_ci;

--
-- Dumping data for table `tbl_income`
--

INSERT INTO `tbl_income` (`income_code`, `bill_code`, `bill_date`, `income_date`, `shop_id`, `income_note`, `user_id`, `update_date`, `order_code`, `income_status`) VALUES
('IN6210-0001', '64553', '2019-10-31', '2019-10-31', 2, '', 2002, '2019-10-31 02:21:50', 'OR6210-0001', 'Y');

-- --------------------------------------------------------

--
-- Table structure for table `tbl_income_list`
--

CREATE TABLE `tbl_income_list` (
  `income_list_id` int(11) NOT NULL,
  `product_id` int(11) NOT NULL,
  `income_qty` int(11) NOT NULL DEFAULT 0,
  `income_price` decimal(8,2) NOT NULL DEFAULT 0.00,
  `income_code` varchar(20) COLLATE utf8_unicode_ci NOT NULL
) ENGINE=InnoDB DEFAULT CHARSET=utf8 COLLATE=utf8_unicode_ci;

--
-- Dumping data for table `tbl_income_list`
--

INSERT INTO `tbl_income_list` (`income_list_id`, `product_id`, `income_qty`, `income_price`, `income_code`) VALUES
(2, 10002, 10, '300.00', 'IN6210-0001'),
(3, 10003, 10, '255.00', 'IN6210-0001'),
(4, 10004, 10, '150.00', 'IN6210-0001'),
(6, 10006, 10, '40.00', 'IN6210-0001'),
(10, 10001, 15, '300.00', 'IN6210-0001'),
(12, 10005, 20, '255.00', 'IN6210-0001');

-- --------------------------------------------------------

--
-- Table structure for table `tbl_order`
--

CREATE TABLE `tbl_order` (
  `order_code` varchar(20) COLLATE utf8_unicode_ci NOT NULL,
  `order_date` date NOT NULL,
  `shop_id` int(11) DEFAULT NULL,
  `order_note` varchar(255) COLLATE utf8_unicode_ci DEFAULT NULL,
  `user_id` int(11) DEFAULT NULL,
  `update_date` timestamp NOT NULL DEFAULT current_timestamp() ON UPDATE current_timestamp(),
  `order_status` enum('N','Y') COLLATE utf8_unicode_ci NOT NULL DEFAULT 'Y'
) ENGINE=InnoDB DEFAULT CHARSET=utf8 COLLATE=utf8_unicode_ci;

--
-- Dumping data for table `tbl_order`
--

INSERT INTO `tbl_order` (`order_code`, `order_date`, `shop_id`, `order_note`, `user_id`, `update_date`, `order_status`) VALUES
('OR6210-0001', '2019-10-31', 2, '', 2002, '2019-10-31 02:19:56', 'Y');

-- --------------------------------------------------------

--
-- Table structure for table `tbl_order_list`
--

CREATE TABLE `tbl_order_list` (
  `order_list_id` int(11) NOT NULL,
  `product_id` int(11) NOT NULL,
  `order_qty` int(11) NOT NULL DEFAULT 0,
  `order_price` decimal(8,2) NOT NULL DEFAULT 0.00,
  `order_code` varchar(20) COLLATE utf8_unicode_ci NOT NULL
) ENGINE=InnoDB DEFAULT CHARSET=utf8 COLLATE=utf8_unicode_ci;

--
-- Dumping data for table `tbl_order_list`
--

INSERT INTO `tbl_order_list` (`order_list_id`, `product_id`, `order_qty`, `order_price`, `order_code`) VALUES
(1, 10001, 10, '300.00', 'OR6210-0001'),
(2, 10002, 10, '300.00', 'OR6210-0001'),
(3, 10003, 10, '255.00', 'OR6210-0001'),
(4, 10004, 10, '150.00', 'OR6210-0001'),
(5, 10001, 5, '300.00', 'OR6210-0001'),
(6, 10005, 10, '255.00', 'OR6210-0001'),
(7, 10005, 10, '255.00', 'OR6210-0001'),
(8, 10006, 10, '40.00', 'OR6210-0001');

-- --------------------------------------------------------

--
-- Table structure for table `tbl_product`
--

CREATE TABLE `tbl_product` (
  `product_id` int(5) UNSIGNED NOT NULL,
  `product_name` varchar(150) COLLATE utf8_unicode_ci NOT NULL,
  `product_cat_id` int(2) NOT NULL,
  `product_details` varchar(200) COLLATE utf8_unicode_ci NOT NULL,
  `unit_cost` double(8,2) NOT NULL DEFAULT 0.00,
  `unit_price` double(8,2) NOT NULL,
  `unit_name` varchar(50) COLLATE utf8_unicode_ci NOT NULL,
  `product_images` varchar(200) COLLATE utf8_unicode_ci NOT NULL,
  `user_id` int(11) NOT NULL DEFAULT 2000,
  `update_date` timestamp NOT NULL DEFAULT current_timestamp() ON UPDATE current_timestamp(),
  `min_stock` int(11) NOT NULL DEFAULT 0
) ENGINE=InnoDB DEFAULT CHARSET=utf8 COLLATE=utf8_unicode_ci;

--
-- Dumping data for table `tbl_product`
--

INSERT INTO `tbl_product` (`product_id`, `product_name`, `product_cat_id`, `product_details`, `unit_cost`, `unit_price`, `unit_name`, `product_images`, `user_id`, `update_date`, `min_stock`) VALUES
(10001, 'หิน 3/4', 14, 'ใช้สำหรับ ผสมปูน เทพื้นคอนกรีต หล่อเสา มีขนาดตั้งแต่ 3/4 นิ้วจนถึง 2 นิ้ว', -300.00, 360.00, 'คิว', '20191025_093740.jpg', 2000, '2019-10-31 02:24:22', 10),
(10002, 'หิน 2', 14, ' ใช้สำหรับ ผสมปูน เทพื้นคอนกรีต หล่อเสา มีขนาดตั้งแต่ 3/4 นิ้วจนถึง 2นิ้ว', -300.00, 360.00, 'คิว', '20191025_093924.jpg', 2000, '2019-10-31 02:22:04', 10),
(10003, 'หินเกล็ด', 14, 'ใช้สำหรับ ผสมปูน ปูพื้นสวนหย่อม มีขนาดประมาณเล็บนิ้วก้อย', -255.00, 306.00, 'คิว', '20191025_094413.jpg', 2000, '2019-10-31 02:22:10', 10),
(10004, 'หินฝุ่น', 14, 'ใช้สำหรับ ผสมปูน ทำอิฐบล๊อก มีลักษณะเป็นผงฝุ่น', -150.00, 180.00, 'คิว', '20191025_094450.jpg', 2000, '2019-10-31 02:22:15', 10),
(10005, 'หินเขื่อน', 14, 'หินเขื่อน หรือ หินโยน เป็นหินก้อนขนาดใหญ่มีขนาดตั้งแต่ 3 นิ้ว ขึ้นไปจนกระทั่ง 15 นิ้ว (ประมาณ 1 ไม้บรรทัด) แข็งแรง ทนทาน ใช้สำหรับกั้นตลิ่ง ทำเขื่อนกั้นน้ำ หรือใช้ในงานที่ต้องใช้หินขนาดใหญ่', -255.00, 306.00, 'คิว', '20191025_094601.jpg', 2000, '2019-10-31 02:24:57', 10),
(10006, 'ลูกรัง', 14, 'หินที่ระเบิดมาจากหน้าผา หินมีลักษณะ หยาบ ๆ ดูเป็นเหลี่ยม ๆ เป็นหินที่มีขนาดค่อนข้างเล็ก และ ละเอียด ส่วนมากมีสีน้ำตาลแดง ดินลูกรังที่ดีต้องมีเม็ดปนมาด้วย ส่วนมากใช้สำหรับงานถมที่ ถมถนน', -40.00, 48.00, 'คิว', '20191025_094633.jpg', 2000, '2019-10-31 02:22:30', 10),
(10007, 'ทรายหยาบ', 14, 'เป็นทรายเม็ดใหญ่ มีเหลี่ยม แง่มุม แข็งแรงดี เหมาะสำหรับใช้เป็นส่วนผสมของคอนกรีตที่ต้องการต้านทานกำลังสูง  เช่น  โครงสร้างสะพาน  อาคารที่เป็นคอนกรีตเสริมเหล็ก ฐานราก เขื่อนกั้นดิน เป็นต้น ทรายหยาบ มีค่', 180.00, 216.00, 'คิว', '20191025_094729.jpg', 2000, '2019-10-31 01:47:24', 10),
(10008, 'ทรายกลาง', 14, 'เป็นทรายที่มีขนาดปานกลาง ไม่หยาบและไม่ละเอียดนัก เหมาะสำหรับงานปูนทั่วไป  เช่น  นำมาเป็นส่วนผสมของปูนก่อ  สำหรับ ก่ออิฐ  หล่อท่อ หรือใช้เทพื้นคอนกรีตที่ไม่ต้องการความแข็งแรงมากนัก', 180.00, 216.00, 'คิว', '20191025_094855.jpg', 2000, '2019-10-31 01:47:31', 10),
(10009, 'ทรายระเอียด', 14, 'เป็นทรายเม็ดละเอียดมาก  นำมาใช้กับงานที่ไม่ต้องใช้กำลังมากนัก  เหมาะสำหรับนำมาเป็นส่วนผสมของปูนฉาบผิวหน้า  ทำบัว  ทำลวดลายต่างๆ ทำทรายบังเกอร์สนามกอล์ฟ ทำอิฐมวลเบา จัดว่าเป็นทรายที่มีเนื้อละเอียดมาก ม', 180.00, 216.00, 'คิว', '20191025_094937.jpg', 2000, '2019-10-31 01:47:37', 10),
(10010, 'ทรายถม', 14, 'ใช้สำหรับปรับพื้นก่อนเทพื้น ใส่ถุงกันน้ำท่วม ถมที่ ถมถนน ', 130.00, 156.00, 'คิว', '20191025_095014.jpg', 2000, '2019-10-31 01:47:44', 10),
(10011, 'อิฐ TPI G4 20 x 60 x 7.5 cm. เกรด A', 14, 'เป็นวัสดุหลักในการก่อสร้างผนังอาคาร', 20.00, 24.00, 'ก้อน', '20191025_095124.jpg', 2000, '2019-10-31 01:47:54', 100),
(10012, 'อิฐ คิวคอน Q-CON G2 20 x 60 x 7.5 cm.', 14, 'เป็นวัสดุหลักในการก่อสร้างผนังอาคาร', 21.00, 25.00, 'ก้อน', '20191025_095222.jpg', 2000, '2019-10-31 01:50:08', 100),
(10013, 'อิฐ คิวคอน Q-CON G4 20 x 60 x 7.5 cm.', 14, 'เป็นวัสดุหลักในการก่อสร้างผนังอาคาร', 22.00, 26.00, 'ก้อน', '20191025_095256.jpg', 2000, '2019-10-31 01:50:14', 100),
(10014, 'อิฐ คิวคอน Q-CON 20 x 60 x 10 cm.', 14, 'เป็นวัสดุหลักในการก่อสร้างผนังอาคาร', 28.00, 34.00, 'ก้อน', '20191025_095352.jpg', 2000, '2019-10-31 01:50:18', 100),
(10015, 'อิฐ คิวคอน Q-CON 20 x 60 x 12.5 cm.', 14, 'เป็นวัสดุหลักในการก่อสร้างผนังอาคาร', 35.00, 42.00, 'ก้อน', '20191025_095429.jpg', 2000, '2019-10-31 01:50:23', 100),
(10016, 'หินคลุก', 14, 'เป็นหินปูนที่มีขนาดแตกต่างกันมาปนกัน ไม่สามารถนำไปเป็นหินก่อสร้าง หรือ นำไปบดเป็นปูนซีเมนต์ได้ เพราะไม่ได้ขนาดหรือแร่ธาตุตามที่ต้องการ โดยส่วนมากใช้สำหรับเป็น ชั้นพื้นทางในงานถนน สามารถใช้หินคลุก ถมถน', 135.00, 162.00, 'คิว', '20191025_095617.jpg', 2000, '2019-10-31 01:50:27', 10),
(10017, 'อิฐ คิวคอน Q-CON 20 x 60 x 15 cm.', 14, 'เป็นวัสดุหลักในการก่อสร้างผนังอาคาร', 42.00, 50.00, 'ก้อน', '20191025_095741.jpg', 2000, '2019-10-31 01:50:31', 100),
(10018, 'อิฐ คิวคอน Q-CON 20 x 60 x 17.5 cm.', 14, 'เป็นวัสดุหลักในการก่อสร้างผนังอาคาร', 49.00, 59.00, 'ก้อน', '20191025_095811.jpg', 2000, '2019-10-31 01:50:34', 100),
(10019, 'อิฐ คิวคอน Q-CON 20 x 60 x 20 cm.', 14, 'เป็นวัสดุหลักในการก่อสร้างผนังอาคาร', 56.00, 67.00, 'ก้อน', '20191025_095840.jpg', 2000, '2019-10-31 01:50:38', 100),
(10020, 'อิฐ Easy Block (Q-CON ไม่ปั๊มยี่ห้อ) 20 x 60 x 7.5 cm', 14, 'เป็นวัสดุหลักในการก่อสร้างผนังอาคาร', 20.00, 24.00, 'ก้อน', '20191025_095916.jpg', 2000, '2019-10-31 01:50:55', 100),
(10021, 'อิฐ Easy Block (Q-CON ไม่ปั๊มยี่ห้อ) 20 x 60 x 7.0 cm', 14, 'เป็นวัสดุหลักในการก่อสร้างผนังอาคาร', 20.00, 23.00, 'ก้อน', '20191025_100005.jpg', 2000, '2019-10-31 01:50:58', 100),
(10022, 'AIR BLOCK G4 20 x 60 x 7.5 cm.', 14, 'เป็นวัสดุหลักในการก่อสร้างผนังอาคาร', 20.00, 23.00, 'ก้อน', '20191025_100032.jpg', 2000, '2019-10-31 01:51:01', 100),
(10023, 'อิฐ AIR BLOCK G4 20 x 60 x 7.5 cm.(เกรด B)', 14, 'เป็นวัสดุหลักในการก่อสร้างผนังอาคาร', 15.00, 18.00, 'ก้อน', '20191025_100056.jpg', 2000, '2019-10-31 01:51:04', 100),
(10024, 'อิฐ AIR BLOCK G4 20 x 60 x 10 cm.', 14, 'เป็นวัสดุหลักในการก่อสร้างผนังอาคาร', 26.00, 31.00, 'ก้อน', '20191025_100120.jpg', 2000, '2019-10-31 01:51:06', 100),
(10025, 'อิฐ AIR BLOCK G4 20 x 60 x 12.5 cm.', 14, 'เป็นวัสดุหลักในการก่อสร้างผนังอาคาร', 33.00, 39.00, 'ก้อน', '20191025_100206.jpg', 2000, '2019-10-31 01:51:08', 100),
(10026, 'อิฐ AIR BLOCK G4 20 x 60 x 15 cm.', 14, 'เป็นวัสดุหลักในการก่อสร้างผนังอาคาร', 39.00, 47.00, 'ก้อน', '20191025_100243.jpg', 2000, '2019-10-31 01:51:18', 100),
(10027, 'อิฐ AIR BLOCK G4 20 x 60 x 17.5 cm.', 14, 'เป็นวัสดุหลักในการก่อสร้างผนังอาคาร', 46.00, 55.00, 'ก้อน', '20191025_100309.jpg', 2000, '2019-10-31 01:51:22', 100),
(10028, 'อิฐ AIR BLOCK G4 20 x 60 x 20 cm.', 14, 'เป็นวัสดุหลักในการก่อสร้างผนังอาคาร', 52.00, 63.00, 'ก้อน', '20191025_100334.jpg', 2000, '2019-10-31 01:51:26', 100),
(10029, 'อิฐ THAI CON 20 x 60 x 7 cm.', 14, 'เป็นวัสดุหลักในการก่อสร้างผนังอาคาร', 19.00, 22.00, 'ก้อน', '20191025_100408.jpg', 2000, '2019-10-31 01:51:28', 100),
(10030, 'อิฐ THAI CON 20 x 60 x 7.5 cm.', 14, 'เป็นวัสดุหลักในการก่อสร้างผนังอาคาร', 19.00, 23.00, 'ก้อน', '20191025_100430.jpg', 2000, '2019-10-31 01:51:31', 100),
(10031, 'อิฐ THAI CON 20 x 60 x 9 cm.', 14, 'เป็นวัสดุหลักในการก่อสร้างผนังอาคาร', 24.00, 29.00, 'ก้อน', '20191025_100453.jpg', 2000, '2019-10-31 01:51:39', 100),
(10032, 'อิฐ THAI CON 20 x 60 x 10 cm.', 14, 'เป็นวัสดุหลักในการก่อสร้างผนังอาคาร', 27.00, 32.00, 'ก้อน', '20191025_100519.jpg', 2000, '2019-10-31 01:51:41', 100),
(10033, 'อิฐ THAI CON 20 x 60 x 12.5 cm.', 14, 'เป็นวัสดุหลักในการก่อสร้างผนังอาคาร', 34.00, 40.00, 'ก้อน', '20191025_100541.jpg', 2000, '2019-10-31 01:51:42', 100),
(10034, 'อิฐ THAI CON 20 x 60 x14 cm.', 14, 'เป็นวัสดุหลักในการก่อสร้างผนังอาคาร', 38.00, 45.00, 'ก้อน', '20191025_100615.jpg', 2000, '2019-10-31 01:51:44', 100),
(10035, 'อิฐ THAI CON 20 x 60 x 15 cm.', 14, 'เป็นวัสดุหลักในการก่อสร้างผนังอาคาร', 40.00, 48.00, 'ก้อน', '20191025_100639.jpg', 2000, '2019-10-31 01:51:46', 100),
(10036, 'อิฐ THAI CON 20 x 60 x 17.5 cm.', 14, 'เป็นวัสดุหลักในการก่อสร้างผนังอาคาร', 47.00, 56.00, 'ก้อน', '20191025_100709.jpg', 2000, '2019-10-31 01:51:47', 100),
(10037, 'อิฐ THAI CON 20 x 60 x 20 cm.', 14, 'เป็นวัสดุหลักในการก่อสร้างผนังอาคาร', 54.00, 65.00, 'ก้อน', '20191025_100730.jpg', 2000, '2019-10-31 01:51:49', 100),
(10038, 'อิฐ SMART BLOCK 20 x 60 x 7.0 cm.', 14, 'เป็นวัสดุหลักในการก่อสร้างผนังอาคาร', 20.00, 23.00, 'ก้อน', '20191025_100755.jpg', 2000, '2019-10-31 01:51:50', 100),
(10039, 'อิฐ SMART BLOCK 20 x 60 x 7.5 cm.', 14, 'เป็นวัสดุหลักในการก่อสร้างผนังอาคาร', 20.00, 24.00, 'ก้อน', '20191025_100820.jpg', 2000, '2019-10-31 01:51:52', 100),
(10040, 'ปูน ทีพีไอ TPI M100 , 100C', 14, 'งานฉาบ ก่อ งานเท', 50.00, 60.00, 'กระสอบ', '20191025_100928.jpg', 2000, '2019-10-31 01:51:54', 30),
(10041, 'ปูน ทีพีไอ TPI M200 , 210', 14, 'งานฉาบ ก่อ งานเท', 55.00, 66.00, 'กระสอบ', '20191025_100951.jpg', 2000, '2019-10-31 01:51:56', 30),
(10042, 'ปูน ทีพีไอ TPI M300 , 310', 14, 'งานฉาบ ก่อ งานเท', 45.00, 54.00, 'กระสอบ', '20191025_101020.jpg', 2000, '2019-10-31 01:51:57', 30),
(10043, 'ปูน ทีพีไอ TPI M400 , M500', 14, 'งานฉาบ ก่อ งานเท', 48.00, 58.00, 'กระสอบ', '20191025_101045.jpg', 2000, '2019-10-31 01:52:00', 30),
(10044, 'ปูน เอเชีย ดอกบัวเขียว ', 14, 'งานก่อ อิฐ ฉาบปูน สร้างอาคารขนาดเล็ก', 80.00, 96.00, 'กระสอบ', '20191025_101126.jpg', 2000, '2019-10-31 01:52:01', 30),
(10045, 'ปูน เอเชีย ดอกบัวส้ม', 14, 'เนื้อปูนมีความละเอียดสูง', 85.00, 102.00, 'กระสอบ', '20191025_101159.jpg', 2000, '2019-10-31 01:52:03', 30),
(10046, 'ปูน เอเชีย ดอกบัวฟ้า', 14, 'เนื้อปูนมีความละเอียดสูง', 90.00, 108.00, 'กระสอบ', '20191025_101224.jpg', 2000, '2019-10-31 01:52:04', 30),
(10047, 'ปูน เสือ ฉาบ เท', 14, 'งานก่อ อิฐ ฉาบปูน สร้างอาคารขนาดเล็ก', 100.00, 120.00, 'กระสอบ', '20191025_101254.jpg', 2000, '2019-10-31 01:52:06', 30),
(10048, 'ปูน เสือฉาบสูตรพิเศษ', 14, 'งานก่อ อิฐ ฉาบปูน สร้างอาคารขนาดเล็ก', 95.00, 114.00, 'กระสอบ', '20191025_101318.jpg', 2000, '2019-10-31 01:52:08', 30),
(10049, 'ปูน ช้าง งานหล่อ', 14, 'งานก่อ อิฐ ฉาบปูน สร้างอาคารขนาดเล็ก', 90.00, 108.00, 'กระสอบ', '20191025_101404.jpg', 2000, '2019-10-31 01:52:10', 30),
(10050, 'ปูน ช้าง ซีเมนต์ขาว', 14, 'งานก่อ อิฐ ฉาบปูน สร้างอาคารขนาดเล็ก', 95.00, 114.00, 'กระสอบ', '20191025_101434.jpg', 2000, '2019-10-31 01:52:13', 30),
(10051, 'เสาเข็มหกเหลี่ยมกลวง ขนาด 1.00 -3.00 ม.', 14, 'เสาเข็ม คุณภาพดี ได้มาตรฐาน แข็งแรง ได้รับการยอมรับจากบริษัทรับเหมาก่อสร้างชั้นนำมากมาย รับประกันคุณภาพ', 69.00, 83.00, 'ต้น', '20191025_110946.jpg', 2000, '2019-10-31 01:58:10', 20),
(10052, 'เสาเข็มหกเหลี่ยมกลวง ขนาด 4.00 -6.00 ม.', 14, 'เสาเข็ม คุณภาพดี ได้มาตรฐาน แข็งแรง ได้รับการยอมรับจากบริษัทรับเหมาก่อสร้างชั้นนำมากมาย รับประกันคุณภาพ', 69.00, 83.00, 'ต้น', '20191025_101548.jpg', 2000, '2019-10-31 01:58:13', 20),
(10053, 'เสาเข็ม ไอ I 15', 14, 'เสาเข็ม คุณภาพดี ได้มาตรฐาน แข็งแรง ได้รับการยอมรับจากบริษัทรับเหมาก่อสร้างชั้นนำมากมาย รับประกันคุณภาพ', 95.00, 114.00, 'ต้น', '20191025_101616.jpg', 2000, '2019-10-31 01:58:15', 20),
(10054, 'เสาเข็ม ไอ I 18', 14, 'เสาเข็ม คุณภาพดี ได้มาตรฐาน แข็งแรง ได้รับการยอมรับจากบริษัทรับเหมาก่อสร้างชั้นนำมากมาย รับประกันคุณภาพ', 120.00, 144.00, 'ต้น', '20191025_101639.jpg', 2000, '2019-10-31 01:58:19', 20),
(10055, 'เสาเข็ม ไอ I 22', 14, 'เสาเข็ม คุณภาพดี ได้มาตรฐาน แข็งแรง ได้รับการยอมรับจากบริษัทรับเหมาก่อสร้างชั้นนำมากมาย รับประกันคุณภาพ', 185.00, 222.00, 'ต้น', '20191025_101703.jpg', 2000, '2019-10-31 01:58:21', 20),
(10056, 'เสาเข็ม ไอ I 26', 14, 'เสาเข็ม คุณภาพดี ได้มาตรฐาน แข็งแรง ได้รับการยอมรับจากบริษัทรับเหมาก่อสร้างชั้นนำมากมาย รับประกันคุณภาพ', 225.00, 270.00, 'ต้น', '20191025_101728.jpg', 2000, '2019-10-31 01:58:22', 20),
(10057, 'เสาเข็ม ไอ I 30', 14, 'เสาเข็ม คุณภาพดี ได้มาตรฐาน แข็งแรง ได้รับการยอมรับจากบริษัทรับเหมาก่อสร้างชั้นนำมากมาย รับประกันคุณภาพ', 275.00, 330.00, 'ต้น', '20191025_101750.jpg', 2000, '2019-10-31 01:58:24', 20),
(10058, 'เสาเข็ม ไอ I 35', 14, 'เสาเข็ม คุณภาพดี ได้มาตรฐาน แข็งแรง ได้รับการยอมรับจากบริษัทรับเหมาก่อสร้างชั้นนำมากมาย รับประกันคุณภาพ', 375.00, 450.00, 'ต้น', '20191025_101814.jpg', 2000, '2019-10-31 01:58:28', 20),
(10059, 'เสาเข็ม ไอ I 40', 14, 'เสาเข็ม คุณภาพดี ได้มาตรฐาน แข็งแรง ได้รับการยอมรับจากบริษัทรับเหมาก่อสร้างชั้นนำมากมาย รับประกันคุณภาพ', 475.00, 570.00, 'ต้น', '20191025_101839.jpg', 2000, '2019-10-31 01:58:29', 20),
(10060, 'ลวดเหล็กชุบสังกะสี 5.00', 14, 'ลวดขาวชุบสังกะสี (Galvanized Wire) เกรดเอ ส่งตรงจากโรงงาน สำหรับงานแขวนฝ้า กรงสัตว์เลี้ยง ชั้นวางของ ลวดแขวนกระถางต้นไม้ มีการจัดส่งเข้าสู่ไซด์งานโครงการก่อสร้างขนาดใหญ่', 38.00, 46.00, 'เมตร', '20191025_111127.jpg', 2000, '2019-10-31 01:58:31', 50),
(10061, 'ลวดเหล็กชุบสังกะสี 4.40', 14, 'ลวดขาวชุบสังกะสี (Galvanized Wire) เกรดเอ ส่งตรงจากโรงงาน สำหรับงานแขวนฝ้า กรงสัตว์เลี้ยง ชั้นวางของ ลวดแขวนกระถางต้นไม้ มีการจัดส่งเข้าสู่ไซด์งานโครงการก่อสร้างขนาดใหญ่', 38.00, 46.00, 'เมตร', '20191025_111154.jpg', 2000, '2019-10-31 01:58:32', 50),
(10062, 'ลวดเหล็กชุบสังกะสี 4.00', 14, 'ลวดขาวชุบสังกะสี (Galvanized Wire) เกรดเอ ส่งตรงจากโรงงาน สำหรับงานแขวนฝ้า กรงสัตว์เลี้ยง ชั้นวางของ ลวดแขวนกระถางต้นไม้ มีการจัดส่งเข้าสู่ไซด์งานโครงการก่อสร้างขนาดใหญ่', 38.00, 46.00, 'เมตร', '20191025_111220.jpg', 2000, '2019-10-31 01:58:37', 50),
(10063, 'ลวดเหล็กชุบสังกะสี 3.65', 14, 'ลวดขาวชุบสังกะสี (Galvanized Wire) เกรดเอ ส่งตรงจากโรงงาน สำหรับงานแขวนฝ้า กรงสัตว์เลี้ยง ชั้นวางของ ลวดแขวนกระถางต้นไม้ มีการจัดส่งเข้าสู่ไซด์งานโครงการก่อสร้างขนาดใหญ่', 38.00, 46.00, 'เมตร', '20191025_111246.jpg', 2000, '2019-10-31 01:58:43', 50),
(10064, 'ลวดเหล็กชุบสังกะสี 3.20', 14, 'ลวดขาวชุบสังกะสี (Galvanized Wire) เกรดเอ ส่งตรงจากโรงงาน สำหรับงานแขวนฝ้า กรงสัตว์เลี้ยง ชั้นวางของ ลวดแขวนกระถางต้นไม้ มีการจัดส่งเข้าสู่ไซด์งานโครงการก่อสร้างขนาดใหญ่', 38.00, 46.00, 'เมตร', '20191025_111311.jpg', 2000, '2019-10-31 01:58:47', 50),
(10065, 'ลวดเหล็กชุบสังกะสี 3.00', 14, 'ลวดขาวชุบสังกะสี (Galvanized Wire) เกรดเอ ส่งตรงจากโรงงาน สำหรับงานแขวนฝ้า กรงสัตว์เลี้ยง ชั้นวางของ ลวดแขวนกระถางต้นไม้ มีการจัดส่งเข้าสู่ไซด์งานโครงการก่อสร้างขนาดใหญ่', 40.00, 48.00, 'เมตร', '20191025_111334.jpg', 2000, '2019-10-31 01:58:49', 50),
(10066, 'ลวดเหล็กชุบสังกะสี 2.65', 14, 'ลวดขาวชุบสังกะสี (Galvanized Wire) เกรดเอ ส่งตรงจากโรงงาน สำหรับงานแขวนฝ้า กรงสัตว์เลี้ยง ชั้นวางของ ลวดแขวนกระถางต้นไม้ มีการจัดส่งเข้าสู่ไซด์งานโครงการก่อสร้างขนาดใหญ่', 41.00, 49.00, 'เมตร', '20191025_111359.jpg', 2000, '2019-10-31 01:58:50', 50),
(10067, 'ลวดเหล็กชุบสังกะสี 2.40', 14, 'ลวดขาวชุบสังกะสี (Galvanized Wire) เกรดเอ ส่งตรงจากโรงงาน สำหรับงานแขวนฝ้า กรงสัตว์เลี้ยง ชั้นวางของ ลวดแขวนกระถางต้นไม้ มีการจัดส่งเข้าสู่ไซด์งานโครงการก่อสร้างขนาดใหญ่', 42.00, 50.00, 'เมตร', '20191025_111431.jpg', 2000, '2019-10-31 01:58:52', 50),
(10068, 'ลวดเหล็กชุบสังกะสี 2.00', 14, 'ลวดขาวชุบสังกะสี (Galvanized Wire) เกรดเอ ส่งตรงจากโรงงาน สำหรับงานแขวนฝ้า กรงสัตว์เลี้ยง ชั้นวางของ ลวดแขวนกระถางต้นไม้ มีการจัดส่งเข้าสู่ไซด์งานโครงการก่อสร้างขนาดใหญ่', 43.00, 52.00, 'เมตร', '20191025_111503.jpg', 2000, '2019-10-31 01:58:54', 50),
(10069, 'ลวดเหล็กชุบสังกะสี 1.80', 14, 'ลวดขาวชุบสังกะสี (Galvanized Wire) เกรดเอ ส่งตรงจากโรงงาน สำหรับงานแขวนฝ้า กรงสัตว์เลี้ยง ชั้นวางของ ลวดแขวนกระถางต้นไม้ มีการจัดส่งเข้าสู่ไซด์งานโครงการก่อสร้างขนาดใหญ่', 44.00, 53.00, 'เมตร', '20191025_111523.jpg', 2000, '2019-10-31 01:58:56', 50),
(10070, 'ลวดเหล็กชุบสังกะสี 1.60', 14, 'ลวดขาวชุบสังกะสี (Galvanized Wire) เกรดเอ ส่งตรงจากโรงงาน สำหรับงานแขวนฝ้า กรงสัตว์เลี้ยง ชั้นวางของ ลวดแขวนกระถางต้นไม้ มีการจัดส่งเข้าสู่ไซด์งานโครงการก่อสร้างขนาดใหญ่', 43.00, 52.00, 'เมตร', '20191025_111544.jpg', 2000, '2019-10-31 01:58:58', 50),
(10071, 'ลวดเหล็กชุบสังกะสี 1.40', 14, 'ลวดขาวชุบสังกะสี (Galvanized Wire) เกรดเอ ส่งตรงจากโรงงาน สำหรับงานแขวนฝ้า กรงสัตว์เลี้ยง ชั้นวางของ ลวดแขวนกระถางต้นไม้ มีการจัดส่งเข้าสู่ไซด์งานโครงการก่อสร้างขนาดใหญ่', 43.00, 52.00, 'เมตร', '20191025_111611.jpg', 2000, '2019-10-31 01:59:01', 50),
(10072, 'ลวดเหล็กชุบสังกะสี 1.20', 14, 'ลวดขาวชุบสังกะสี (Galvanized Wire) เกรดเอ ส่งตรงจากโรงงาน สำหรับงานแขวนฝ้า กรงสัตว์เลี้ยง ชั้นวางของ ลวดแขวนกระถางต้นไม้ มีการจัดส่งเข้าสู่ไซด์งานโครงการก่อสร้างขนาดใหญ่', 41.00, 49.00, 'เมตร', '20191025_111632.jpg', 2000, '2019-10-31 01:59:04', 50),
(10073, 'ลวดเหล็กชุบสังกะสี 1.06', 14, 'ลวดขาวชุบสังกะสี (Galvanized Wire) เกรดเอ ส่งตรงจากโรงงาน สำหรับงานแขวนฝ้า กรงสัตว์เลี้ยง ชั้นวางของ ลวดแขวนกระถางต้นไม้ มีการจัดส่งเข้าสู่ไซด์งานโครงการก่อสร้างขนาดใหญ่', 42.00, 50.00, 'เมตร', '20191025_111707.jpg', 2000, '2019-10-31 02:00:06', 50),
(10074, 'ลวดเหล็กชุบสังกะสี 0.88', 14, 'ลวดขาวชุบสังกะสี (Galvanized Wire) เกรดเอ ส่งตรงจากโรงงาน สำหรับงานแขวนฝ้า กรงสัตว์เลี้ยง ชั้นวางของ ลวดแขวนกระถางต้นไม้ มีการจัดส่งเข้าสู่ไซด์งานโครงการก่อสร้างขนาดใหญ่', 43.00, 52.00, 'เมตร', '20191025_111730.jpg', 2000, '2019-10-31 02:00:10', 50),
(10075, 'ลวดเหล็กชุบสังกะสี 0.71', 14, 'ลวดขาวชุบสังกะสี (Galvanized Wire) เกรดเอ ส่งตรงจากโรงงาน สำหรับงานแขวนฝ้า กรงสัตว์เลี้ยง ชั้นวางของ ลวดแขวนกระถางต้นไม้ มีการจัดส่งเข้าสู่ไซด์งานโครงการก่อสร้างขนาดใหญ่', 44.00, 53.00, 'เมตร', '20191025_111809.jpg', 2000, '2019-10-31 02:00:16', 50),
(10076, 'ลวดเหล็กชุบสังกะสี 0.55', 14, 'ลวดขาวชุบสังกะสี (Galvanized Wire) เกรดเอ ส่งตรงจากโรงงาน สำหรับงานแขวนฝ้า กรงสัตว์เลี้ยง ชั้นวางของ ลวดแขวนกระถางต้นไม้ มีการจัดส่งเข้าสู่ไซด์งานโครงการก่อสร้างขนาดใหญ่', 49.00, 59.00, 'เมตร', '20191025_111832.jpg', 2000, '2019-10-31 02:00:23', 50),
(10077, 'ลวดเหล็กชุบสังกะสี 0.46', 14, 'ลวดขาวชุบสังกะสี (Galvanized Wire) เกรดเอ ส่งตรงจากโรงงาน สำหรับงานแขวนฝ้า กรงสัตว์เลี้ยง ชั้นวางของ ลวดแขวนกระถางต้นไม้ มีการจัดส่งเข้าสู่ไซด์งานโครงการก่อสร้างขนาดใหญ่', 61.00, 73.00, 'เมตร', '20191025_111856.jpg', 2000, '2019-10-31 02:00:28', 50),
(10078, 'ไม้อัด สไมล์บอร์ด 8มม x 1.2ม x 2.4ม', 14, 'แผ่นไม้อัดซีเมนต์ ความหนาแน่นสูง ซึ่งเป็นแผ่นไม้แปรรูป ซึ่งสามารถใช้ได้ในงานก่อสร้าง, งานตกแต่งต่อเติม ทุกประเภท ทั้งภายใน และภายนอกอาคาร ไม่ว่าจะเป็น งานพื้น ผนัง ฝ้า เพดาน ฝ้าระแนง แผ่นรองใต้หลังคา ', 370.00, 444.00, 'แผ่น', '20191025_111944.jpg', 2000, '2019-10-31 02:00:33', 50),
(10079, 'ไม้อัด สไมล์บอร์ด 10มม x 1.2ม x 2.4ม', 14, 'แผ่นไม้อัดซีเมนต์ ความหนาแน่นสูง ซึ่งเป็นแผ่นไม้แปรรูป ซึ่งสามารถใช้ได้ในงานก่อสร้าง, งานตกแต่งต่อเติม ทุกประเภท ทั้งภายใน และภายนอกอาคาร ไม่ว่าจะเป็น งานพื้น ผนัง ฝ้า เพดาน ฝ้าระแนง แผ่นรองใต้หลังคา ', 450.00, 540.00, 'แผ่น', '20191025_112006.jpg', 2000, '2019-10-31 02:00:39', 50),
(10080, 'ไม้อัด สไมล์บอร์ด 12มม x 1.2ม x 2.4ม', 14, 'แผ่นไม้อัดซีเมนต์ ความหนาแน่นสูง ซึ่งเป็นแผ่นไม้แปรรูป ซึ่งสามารถใช้ได้ในงานก่อสร้าง, งานตกแต่งต่อเติม ทุกประเภท ทั้งภายใน และภายนอกอาคาร ไม่ว่าจะเป็น งานพื้น ผนัง ฝ้า เพดาน ฝ้าระแนง แผ่นรองใต้หลังคา ', 520.00, 624.00, 'แผ่น', '20191025_112030.jpg', 2000, '2019-10-31 02:00:44', 50),
(10081, 'ไม้อัด สไมล์บอร์ด 16มม x 1.2ม x 2.4ม', 14, 'แผ่นไม้อัดซีเมนต์ ความหนาแน่นสูง ซึ่งเป็นแผ่นไม้แปรรูป ซึ่งสามารถใช้ได้ในงานก่อสร้าง, งานตกแต่งต่อเติม ทุกประเภท ทั้งภายใน และภายนอกอาคาร ไม่ว่าจะเป็น งานพื้น ผนัง ฝ้า เพดาน ฝ้าระแนง แผ่นรองใต้หลังคา ', 650.00, 780.00, 'แผ่น', '20191025_112057.jpg', 2000, '2019-10-31 02:00:50', 30),
(10082, 'ไม้อัด สไมล์บอร์ด 20มม x 1.2ม x 2.4ม', 14, 'แผ่นไม้อัดซีเมนต์ ความหนาแน่นสูง ซึ่งเป็นแผ่นไม้แปรรูป ซึ่งสามารถใช้ได้ในงานก่อสร้าง, งานตกแต่งต่อเติม ทุกประเภท ทั้งภายใน และภายนอกอาคาร ไม่ว่าจะเป็น งานพื้น ผนัง ฝ้า เพดาน ฝ้าระแนง แผ่นรองใต้หลังคา ', 770.00, 924.00, 'แผ่น', '20191025_112125.jpg', 2000, '2019-10-31 02:00:54', 30),
(10083, 'ไม้อัด สไมล์บอร์ด 24มม x 1.2ม x 2.4ม', 14, 'แผ่นไม้อัดซีเมนต์ ความหนาแน่นสูง ซึ่งเป็นแผ่นไม้แปรรูป ซึ่งสามารถใช้ได้ในงานก่อสร้าง, งานตกแต่งต่อเติม ทุกประเภท ทั้งภายใน และภายนอกอาคาร ไม่ว่าจะเป็น งานพื้น ผนัง ฝ้า เพดาน ฝ้าระแนง แผ่นรองใต้หลังคา ', 890.00, 1068.00, 'แผ่น', '20191025_112144.jpg', 2000, '2019-10-31 02:01:01', 20),
(10084, 'แผ่นพื้น 1.00 ม. - 3.00 ม. ลวด 4 เส้น', 14, 'แผ่นพื้น เกรด A คุณภาพเยี่ยม จากโรงหล่อขนาดใหญ่', 215.00, 258.00, 'แผ่น', '20191025_112221.jpg', 2000, '2019-10-31 02:01:08', 20),
(10085, 'แผ่นพื้น  3.00 ม. - 4.00 ม. ลวด 5 เส้น', 14, 'แผ่นพื้น เกรด A คุณภาพเยี่ยม จากโรงหล่อขนาดใหญ่', 225.00, 270.00, 'แผ่น', '20191025_112244.jpg', 2000, '2019-10-31 02:01:10', 20),
(10086, 'แผ่นพื้น  3.00 ม. - 4.00 ม. ลวด 6 เส้น', 14, 'แผ่นพื้น เกรด A คุณภาพเยี่ยม จากโรงหล่อขนาดใหญ่', 235.00, 282.00, 'แผ่น', '20191025_112307.jpg', 2000, '2019-10-31 02:01:13', 10),
(10087, 'แผ่นพื้น  4.00 ม. . ลวด 7 เส้น', 14, 'แผ่นพื้น เกรด A คุณภาพเยี่ยม จากโรงหล่อขนาดใหญ่', 255.00, 306.00, 'แผ่น', '20191025_112327.jpg', 2000, '2019-10-31 02:01:14', 10),
(10088, 'ตะปูดอกไม้ 3 x #10, 2.1/2 x #10', 14, 'ขายเป็นลัง ลังละ 18 กิโลกรัม', 530.00, 636.00, 'ลัง', '20191025_112353.jpg', 2000, '2019-10-31 02:01:18', 20),
(10089, 'ตะปูดอกไม้ 2 x #11, 2.1/2 x #12', 14, 'ขายเป็นลัง ลังละ 18 กิโลกรัม', 550.00, 660.00, 'ลัง', '20191025_112418.jpg', 2000, '2019-10-31 02:01:19', 20),
(10090, 'ตะปูดอกไม้ 3 x #8, 4 x #7, 5 x#5', 14, 'ขายเป็นลัง ลังละ 18 กิโลกรัม', 500.00, 600.00, 'ลัง', '20191025_112446.jpg', 2000, '2019-10-31 02:01:23', 20),
(10091, 'ตะปูดอกไม้ 4 x #7', 14, 'ขายเป็นลัง ลังละ 18 กิโลกรัม', 550.00, 660.00, 'ลัง', '20191025_112509.jpg', 2000, '2019-10-31 02:01:24', 20),
(10092, 'ตะปูดอกไม้ 1.1/2 x #13, 2 x #13 ', 14, 'ขายเป็นลัง ลังละ 18 กิโลกรัม', 580.00, 696.00, 'ลัง', '20191025_112533.jpg', 2000, '2019-10-31 02:01:26', 20),
(10093, 'ตะปูดอกไม้ 1.1/2 x #14, 1.3/4 x #14', 14, 'ขายเป็นลัง ลังละ 18 กิโลกรัม', 600.00, 720.00, 'ลัง', '20191025_112559.jpg', 2000, '2019-10-31 02:01:30', 20),
(10094, 'ตะปูดอกไม้ 1 x #16, 1 x #17, 1.1/4 x #16', 14, 'ขายเป็นลัง ลังละ 18 กิโลกรัม', 650.00, 780.00, 'ลัง', '20191025_112624.jpg', 2000, '2019-10-31 02:01:34', 20),
(10095, 'ตะปูดอกไม้ 5/8 x #16', 14, 'ขายเป็นลัง ลังละ 18 กิโลกรัม', 805.00, 966.00, 'ลัง', '20191025_112653.jpg', 2000, '2019-10-31 02:01:38', 20),
(10096, 'ตะปูดอกไม้ 3/4 x #16, 7/8 x #16', 14, 'ขายเป็นลัง ลังละ 18 กิโลกรัม', 670.00, 804.00, 'ลัง', '20191025_112731.jpg', 2000, '2019-10-31 02:01:39', 20),
(10097, 'สังกะสี 3 ดาว ลอนเล็ก ขาว 5 ฟุต', 15, 'นำไปใช้สำหรับการมุงหลังคา', 79.00, 95.00, 'แผ่น', '20191025_112812.jpg', 2000, '2019-10-31 02:02:34', 200),
(10098, 'สังกะสี 3 ดาว ลอนเล็ก ขาว 6 ฟุต', 15, 'นำไปใช้สำหรับการมุงหลังคา', 94.00, 113.00, 'แผ่น', '20191025_112835.jpg', 2000, '2019-10-31 02:02:37', 200),
(10099, 'สังกะสี 3 ดาว ลอนเล็ก ขาว 7 ฟุต', 15, 'นำไปใช้สำหรับการมุงหลังคา', 100.00, 120.00, 'แผ่น', '20191025_112919.jpg', 2000, '2019-10-31 02:02:39', 200),
(10100, 'สังกะสี 3 ดาว ลอนเล็ก ขาว 8 ฟุต', 15, 'นำไปใช้สำหรับการมุงหลังคา', 126.00, 151.00, 'แผ่น', '20191025_112945.jpg', 2000, '2019-10-31 02:02:40', 100),
(10101, 'สังกะสี 3 ดาว ลอนเล็ก ขาว 9 ฟุต', 15, 'นำไปใช้สำหรับการมุงหลังคา', 142.00, 170.00, 'แผ่น', '20191025_113012.jpg', 2000, '2019-10-31 02:02:48', 100),
(10102, 'สังกะสี 3 ดาว ลอนเล็ก ขาว 10 ฟุต', 15, 'นำไปใช้สำหรับการมุงหลังคา', 158.00, 190.00, 'แผ่น', '20191025_113038.jpg', 2000, '2019-10-31 02:03:22', 100),
(10103, 'สังกะสี 3 ดาว ลอนเล็ก ขาว 11 ฟุต', 15, 'นำไปใช้สำหรับการมุงหลังคา', 174.00, 209.00, 'แผ่น', '20191025_113104.jpg', 2000, '2019-10-31 02:03:23', 100),
(10104, 'สังกะสี 3 ดาว ลอนเล็ก ขาว 12 ฟุต', 15, 'นำไปใช้สำหรับการมุงหลังคา', 190.00, 228.00, 'แผ่น', '20191025_113129.jpg', 2000, '2019-10-31 02:03:26', 100),
(10105, 'หลังคา ลักเซอร์เลีย ขาวนวลจันทร์', 15, 'นำไปใช้สำหรับการมุงหลังคา', 21.00, 25.00, 'แผ่น', '20191025_113207.jpg', 2000, '2019-10-31 02:03:30', 80),
(10106, 'หลังคา ลักเซอร์เลีย ส้มอมเหลือง', 15, 'นำไปใช้สำหรับการมุงหลังคา', 21.00, 25.00, 'แผ่น', '20191025_113236.jpg', 2000, '2019-10-31 02:03:33', 80),
(10107, 'หลังคา ลักเซอร์เลีย แดงดาหลา', 15, 'นำไปใช้สำหรับการมุงหลังคา', 18.00, 22.00, 'แผ่น', '20191025_113305.jpg', 2000, '2019-10-31 02:03:37', 80),
(10108, 'หลังคา ลักเซอร์เลีย น้ำเงินอมตะ', 15, 'นำไปใช้สำหรับการมุงหลังคา', 24.00, 29.00, 'แผ่น', '20191025_113333.jpg', 2000, '2019-10-31 02:03:40', 80),
(10109, 'หลังคา ลอนคู่ แดงเรืองรอง', 15, 'นำไปใช้สำหรับการมุงหลังคา', 55.00, 66.00, 'แผ่น', '20191025_113544.jpg', 2000, '2019-10-31 02:03:42', 80),
(10110, 'หลังคา ลอนคู่ ฟ้าน้ำทะเล', 15, 'นำไปใช้สำหรับการมุงหลังคา', 55.00, 66.00, 'แผ่น', '20191025_113608.jpg', 2000, '2019-10-31 02:03:44', 80),
(10111, 'หลังคา ลอนคู่ อิธศิลา', 15, 'นำไปใช้สำหรับการมุงหลังคา', 55.00, 66.00, 'แผ่น', '20191025_113630.jpg', 2000, '2019-10-31 02:03:47', 80),
(10112, 'หลังคา ลอนคู่ เขียววิจัตร', 15, 'นำไปใช้สำหรับการมุงหลังคา', 55.00, 66.00, 'แผ่น', '20191025_113652.jpg', 2000, '2019-10-31 02:03:51', 80),
(10113, 'หลังคา ยูโทเปีย เหลือเบยจมาศ', 15, 'นำไปใช้สำหรับการมุงหลังคา', 21.00, 25.00, 'แผ่น', '20191025_113716.jpg', 2000, '2019-10-31 02:03:53', 80),
(10114, 'หลังคา ยูโทเปีย ทองประกาย', 15, 'นำไปใช้สำหรับการมุงหลังคา', 21.00, 25.00, 'แผ่น', '20191025_113745.jpg', 2000, '2019-10-31 02:03:55', 80),
(10115, 'หลังคา ยูโทเปีย น้ำเงินอมตะ', 15, 'นำไปใช้สำหรับการมุงหลังคา', 21.00, 25.00, 'แผ่น', '20191025_113807.jpg', 2000, '2019-10-31 02:03:58', 80),
(10116, 'หลังคา ยูโทเปีย เขียวบหงา', 15, 'นำไปใช้สำหรับการมุงหลังคา', 21.00, 25.00, 'แผ่น', '20191025_113826.jpg', 2000, '2019-10-31 02:04:03', 80),
(10117, 'กระเบื้อง JAGUAR 8x10 นิวอินธุอร', 16, 'ขนาด 20x25cm (8', 149.00, 179.00, 'กล่อง', '20191025_113905.jpg', 2000, '2019-10-31 02:04:12', 100),
(10118, 'กระเบื้อง JAGUAR 8x10 นิวซาร่า', 16, 'ขนาด 20x25cm (8', 139.00, 167.00, 'กล่อง', '20191025_113935.jpg', 2000, '2019-10-31 02:04:15', 100),
(10119, 'กระเบื้อง DURAGRES 16x16 กระเบื้องระเบียงไม้น้ำตาลเข้ม', 16, 'ขนาด 40x40cm (16', 199.00, 239.00, 'กล่อง', '20191025_114003.jpg', 2000, '2019-10-31 02:04:19', 80),
(10120, 'กระเบื้อง JAGUAR 16x16 กระเบื้องสามชุก ', 16, 'ขนาด 40x40cm (16', 179.00, 215.00, 'กล่อง', '20191025_114033.jpg', 2000, '2019-10-31 02:04:22', 80);

-- --------------------------------------------------------

--
-- Table structure for table `tbl_product_cat`
--

CREATE TABLE `tbl_product_cat` (
  `product_cat_id` int(11) NOT NULL,
  `product_cat_name` varchar(255) COLLATE utf8_unicode_ci NOT NULL
) ENGINE=InnoDB DEFAULT CHARSET=utf8 COLLATE=utf8_unicode_ci;

--
-- Dumping data for table `tbl_product_cat`
--

INSERT INTO `tbl_product_cat` (`product_cat_id`, `product_cat_name`) VALUES
(14, 'วัสดุอปกรณ์ก่อสร้างทั่วไป'),
(15, 'วัสดุอุปกรณ์ก่อสร้างสำหรับมุงหลังคา'),
(16, 'วัสดุที่ใช้ปูพื้น');

-- --------------------------------------------------------

--
-- Table structure for table `tbl_shop`
--

CREATE TABLE `tbl_shop` (
  `shop_id` int(11) NOT NULL,
  `shop_name` varchar(200) COLLATE utf8_unicode_ci DEFAULT NULL,
  `address` varchar(255) COLLATE utf8_unicode_ci DEFAULT NULL,
  `tel` varchar(50) COLLATE utf8_unicode_ci DEFAULT NULL,
  `user_id` int(11) DEFAULT NULL,
  `update_date` timestamp NOT NULL DEFAULT current_timestamp() ON UPDATE current_timestamp()
) ENGINE=InnoDB DEFAULT CHARSET=utf8 COLLATE=utf8_unicode_ci;

--
-- Dumping data for table `tbl_shop`
--

INSERT INTO `tbl_shop` (`shop_id`, `shop_name`, `address`, `tel`, `user_id`, `update_date`) VALUES
(1, 'เม็กกะไบท์', 'ขอนแก่น', '0918617832', NULL, '2019-10-19 14:16:46'),
(2, 'จิจ๊ะคอนกรีต', '634 หมู่ 7 ต.ผักปัง อ.ภูเขียว จ.ชัยภูมิ 36110', '0844666734', NULL, '2019-10-31 02:19:51');

-- --------------------------------------------------------

--
-- Table structure for table `tbl_staff`
--

CREATE TABLE `tbl_staff` (
  `staff_id` int(4) UNSIGNED NOT NULL,
  `fname` varchar(100) COLLATE utf8_unicode_ci NOT NULL,
  `lname` varchar(100) COLLATE utf8_unicode_ci NOT NULL,
  `address` varchar(200) COLLATE utf8_unicode_ci NOT NULL,
  `tel` varchar(10) COLLATE utf8_unicode_ci NOT NULL,
  `staff_occ` varchar(150) COLLATE utf8_unicode_ci DEFAULT NULL,
  `staff_status` enum('N','Y') COLLATE utf8_unicode_ci NOT NULL DEFAULT 'Y'
) ENGINE=MyISAM DEFAULT CHARSET=utf8 COLLATE=utf8_unicode_ci;

--
-- Dumping data for table `tbl_staff`
--

INSERT INTO `tbl_staff` (`staff_id`, `fname`, `lname`, `address`, `tel`, `staff_occ`, `staff_status`) VALUES
(4001, 'นายแดง', 'สมโตคร', 'เขาวง', '855647819', 'คนขับรถ', 'Y'),
(4002, 'ดำมี่', 'ขาเต็ม', 'ขอนแก่น', '918617832', 'คนงาน', 'Y'),
(4003, 'นพ', 'เจ้า', 'เขาวง', '899563254', 'แม่บ้าน', 'Y'),
(4004, 'ฟ้าใส', 'ฝนตก', 'เขาวง', '966356434', 'คนงาน', 'Y'),
(4006, 'สวนทาง', 'หลงทาง', 'ขอนแก่น', '918617832', 'คนสวน', 'Y');

-- --------------------------------------------------------

--
-- Table structure for table `tbl_stock`
--

CREATE TABLE `tbl_stock` (
  `stock_code` varchar(20) COLLATE utf8_unicode_ci NOT NULL,
  `user_id` int(11) NOT NULL,
  `stock_date` date NOT NULL,
  `update_date` timestamp NOT NULL DEFAULT current_timestamp() ON UPDATE current_timestamp()
) ENGINE=InnoDB DEFAULT CHARSET=utf8 COLLATE=utf8_unicode_ci;

--
-- Dumping data for table `tbl_stock`
--

INSERT INTO `tbl_stock` (`stock_code`, `user_id`, `stock_date`, `update_date`) VALUES
('ST6210-0001', 2002, '2019-10-31', '2019-10-31 02:25:38'),
('ST6210-0002', 2002, '2019-10-31', '2019-10-31 02:26:04');

-- --------------------------------------------------------

--
-- Table structure for table `tbl_stock_list`
--

CREATE TABLE `tbl_stock_list` (
  `stock_list_id` int(11) NOT NULL,
  `stock_code` varchar(20) COLLATE utf8_unicode_ci NOT NULL,
  `product_id` int(11) NOT NULL,
  `stock_qty` int(11) NOT NULL,
  `cut_stock_qty` int(11) NOT NULL,
  `stock_note` varchar(255) COLLATE utf8_unicode_ci DEFAULT NULL
) ENGINE=InnoDB DEFAULT CHARSET=utf8 COLLATE=utf8_unicode_ci;

--
-- Dumping data for table `tbl_stock_list`
--

INSERT INTO `tbl_stock_list` (`stock_list_id`, `stock_code`, `product_id`, `stock_qty`, `cut_stock_qty`, `stock_note`) VALUES
(1, 'ST6210-0002', 10017, 0, 300, 'นำระบบไปใช้ครั้งเเรก'),
(2, 'ST6210-0001', 10002, 10, 10, 'นำระบบไปใช้ครั้งเเรก'),
(3, 'ST6210-0001', 10040, 0, 200, 'นำระบบไปใช้ครั้งเเรก'),
(4, 'ST6210-0001', 10057, 0, 40, 'นำระบบไปใช้ครั้งเเรก');

-- --------------------------------------------------------

--
-- Table structure for table `tbl_store`
--

CREATE TABLE `tbl_store` (
  `store_id` int(11) NOT NULL,
  `store_name` varchar(200) COLLATE utf8_unicode_ci DEFAULT NULL,
  `store_address` varchar(255) COLLATE utf8_unicode_ci DEFAULT NULL,
  `store_tel` varchar(60) COLLATE utf8_unicode_ci DEFAULT NULL
) ENGINE=InnoDB DEFAULT CHARSET=utf8 COLLATE=utf8_unicode_ci;

--
-- Dumping data for table `tbl_store`
--

INSERT INTO `tbl_store` (`store_id`, `store_name`, `store_address`, `store_tel`) VALUES
(1, 'ร้านถวัชชัยก่อสร้าง', '329 หมู่ 2 ต.ผักปัง อ.ภูเขียว จ.ชัยภูมิ 36110', '0878564659');

-- --------------------------------------------------------

--
-- Table structure for table `tbl_transaction`
--

CREATE TABLE `tbl_transaction` (
  `transaction_id` int(11) NOT NULL,
  `transaction_code` varchar(20) COLLATE utf8_unicode_ci NOT NULL,
  `transaction_date` date NOT NULL,
  `product_id` int(11) NOT NULL,
  `transaction_qty` int(11) NOT NULL,
  `transaction_price` decimal(8,2) NOT NULL DEFAULT 0.00,
  `transaction_cost` decimal(8,2) NOT NULL DEFAULT 0.00,
  `transaction_sum_price` decimal(8,2) NOT NULL DEFAULT 0.00,
  `transaction_sum_cost` decimal(8,2) NOT NULL DEFAULT 0.00,
  `cut_stock_qty` int(11) NOT NULL DEFAULT 0,
  `stock_type` enum('N','Y') COLLATE utf8_unicode_ci NOT NULL DEFAULT 'N',
  `update_date` timestamp NOT NULL DEFAULT current_timestamp() ON UPDATE current_timestamp()
) ENGINE=InnoDB DEFAULT CHARSET=utf8 COLLATE=utf8_unicode_ci;

--
-- Dumping data for table `tbl_transaction`
--

INSERT INTO `tbl_transaction` (`transaction_id`, `transaction_code`, `transaction_date`, `product_id`, `transaction_qty`, `transaction_price`, `transaction_cost`, `transaction_sum_price`, `transaction_sum_cost`, `cut_stock_qty`, `stock_type`, `update_date`) VALUES
(2, 'IN6210-0001', '2019-10-31', 10002, 10, '-300.00', '300.00', '0.00', '0.00', 0, 'N', '2019-10-31 02:22:04'),
(3, 'IN6210-0001', '2019-10-31', 10003, 10, '-255.00', '255.00', '0.00', '0.00', 0, 'N', '2019-10-31 02:22:10'),
(4, 'IN6210-0001', '2019-10-31', 10004, 10, '-150.00', '150.00', '0.00', '0.00', 0, 'N', '2019-10-31 02:22:15'),
(6, 'IN6210-0001', '2019-10-31', 10006, 10, '-40.00', '40.00', '0.00', '0.00', 0, 'N', '2019-10-31 02:22:30'),
(10, 'IN6210-0001', '2019-10-31', 10001, 15, '-300.00', '300.00', '0.00', '0.00', 0, 'N', '2019-10-31 02:24:22'),
(12, 'IN6210-0001', '2019-10-31', 10005, 20, '-255.00', '255.00', '0.00', '0.00', 0, 'N', '2019-10-31 02:24:57'),
(13, 'ST6210-0002', '2019-10-31', 10017, 0, '50.00', '0.00', '0.00', '0.00', 300, 'Y', '2019-10-31 02:26:31'),
(14, 'ST6210-0001', '2019-10-31', 10002, 0, '360.00', '0.00', '0.00', '0.00', 10, 'Y', '2019-10-31 02:28:08'),
(15, 'ST6210-0001', '2019-10-31', 10040, 0, '60.00', '0.00', '0.00', '0.00', 200, 'Y', '2019-10-31 02:28:20'),
(16, 'ST6210-0001', '2019-10-31', 10057, 0, '330.00', '0.00', '0.00', '0.00', 40, 'Y', '2019-10-31 02:28:29'),
(17, 'BL6210-0001', '2019-10-31', 10001, -3, '360.00', '-300.00', '-1080.00', '900.00', 0, 'N', '2019-10-31 02:37:03'),
(18, 'BL6210-0001', '2019-10-31', 10006, -3, '48.00', '-40.00', '-144.00', '120.00', 0, 'N', '2019-10-31 02:37:35');

-- --------------------------------------------------------

--
-- Table structure for table `tbl_user`
--

CREATE TABLE `tbl_user` (
  `user_id` int(3) UNSIGNED NOT NULL,
  `fname` varchar(100) CHARACTER SET utf8 COLLATE utf8_unicode_ci NOT NULL,
  `lname` varchar(100) CHARACTER SET utf8 COLLATE utf8_unicode_ci NOT NULL,
  `address` varchar(200) COLLATE utf32_unicode_ci NOT NULL,
  `tel` varchar(10) COLLATE utf32_unicode_ci NOT NULL,
  `email` varchar(50) CHARACTER SET utf8 COLLATE utf8_unicode_ci NOT NULL,
  `user_name` varchar(30) CHARACTER SET utf8 COLLATE utf8_unicode_ci NOT NULL,
  `pass_word` varchar(30) CHARACTER SET utf8 COLLATE utf8_unicode_ci NOT NULL,
  `user_status` enum('N','Y') CHARACTER SET utf8 COLLATE utf8_unicode_ci NOT NULL DEFAULT 'Y',
  `user_type_id` int(11) NOT NULL DEFAULT 2
) ENGINE=MyISAM DEFAULT CHARSET=utf32 COLLATE=utf32_unicode_ci;

--
-- Dumping data for table `tbl_user`
--

INSERT INTO `tbl_user` (`user_id`, `fname`, `lname`, `address`, `tel`, `email`, `user_name`, `pass_word`, `user_status`, `user_type_id`) VALUES
(2001, 'ถวัชชัย', 'ลอง', 'ถถถถ', '9112345', 'tawatchai@gmail.com', 'owner', '1234', 'Y', 1),
(2002, 'ณัฐวดี', 'ศรีหาตา', 'ขอนแก่น', '934625986', 'airport@gmail.com', 'accounting', '1234', 'Y', 3),
(2003, 'หนู', 'จ้า', 'บ้าน', '933333333', 'rat@gmail.com', 'cashier', '1234', 'Y', 2),
(2006, 'นภัทรศร', 'แส่โง่ว', 'เขาวง', '931236666', 'rat@gmail.com', 'test', '1234', 'Y', 2),
(2008, 'ทดสอบ', 'ทดสอบนามสกุล', 'ขอนแก่น', '918617832', 'ussachai@hotmail.co.th', 'admin2', '1234', 'Y', 4);

-- --------------------------------------------------------

--
-- Table structure for table `tbl_user_type`
--

CREATE TABLE `tbl_user_type` (
  `user_type_id` int(11) NOT NULL,
  `user_type_name` varchar(200) COLLATE utf8_unicode_ci NOT NULL
) ENGINE=InnoDB DEFAULT CHARSET=utf8 COLLATE=utf8_unicode_ci;

--
-- Dumping data for table `tbl_user_type`
--

INSERT INTO `tbl_user_type` (`user_type_id`, `user_type_name`) VALUES
(1, 'เจ้าของกิจการ'),
(2, 'พนักงานแคชเชียร์'),
(3, 'พนักงานการเงิน-บัญชี'),
(4, 'ผู้ดูแลระบบ');

--
-- Indexes for dumped tables
--

--
-- Indexes for table `tbl_admin`
--
ALTER TABLE `tbl_admin`
  ADD PRIMARY KEY (`user_id`);

--
-- Indexes for table `tbl_bill`
--
ALTER TABLE `tbl_bill`
  ADD PRIMARY KEY (`bill_code`);

--
-- Indexes for table `tbl_bill_list`
--
ALTER TABLE `tbl_bill_list`
  ADD PRIMARY KEY (`bill_list_id`);

--
-- Indexes for table `tbl_car`
--
ALTER TABLE `tbl_car`
  ADD PRIMARY KEY (`car_id`);

--
-- Indexes for table `tbl_customer`
--
ALTER TABLE `tbl_customer`
  ADD PRIMARY KEY (`customer_id`);

--
-- Indexes for table `tbl_income`
--
ALTER TABLE `tbl_income`
  ADD PRIMARY KEY (`income_code`);

--
-- Indexes for table `tbl_income_list`
--
ALTER TABLE `tbl_income_list`
  ADD PRIMARY KEY (`income_list_id`);

--
-- Indexes for table `tbl_order`
--
ALTER TABLE `tbl_order`
  ADD PRIMARY KEY (`order_code`);

--
-- Indexes for table `tbl_order_list`
--
ALTER TABLE `tbl_order_list`
  ADD PRIMARY KEY (`order_list_id`);

--
-- Indexes for table `tbl_product`
--
ALTER TABLE `tbl_product`
  ADD PRIMARY KEY (`product_id`);

--
-- Indexes for table `tbl_product_cat`
--
ALTER TABLE `tbl_product_cat`
  ADD PRIMARY KEY (`product_cat_id`);

--
-- Indexes for table `tbl_shop`
--
ALTER TABLE `tbl_shop`
  ADD PRIMARY KEY (`shop_id`);

--
-- Indexes for table `tbl_staff`
--
ALTER TABLE `tbl_staff`
  ADD PRIMARY KEY (`staff_id`);

--
-- Indexes for table `tbl_stock`
--
ALTER TABLE `tbl_stock`
  ADD PRIMARY KEY (`stock_code`);

--
-- Indexes for table `tbl_stock_list`
--
ALTER TABLE `tbl_stock_list`
  ADD PRIMARY KEY (`stock_list_id`);

--
-- Indexes for table `tbl_store`
--
ALTER TABLE `tbl_store`
  ADD PRIMARY KEY (`store_id`);

--
-- Indexes for table `tbl_transaction`
--
ALTER TABLE `tbl_transaction`
  ADD PRIMARY KEY (`transaction_id`);

--
-- Indexes for table `tbl_user`
--
ALTER TABLE `tbl_user`
  ADD PRIMARY KEY (`user_id`);

--
-- Indexes for table `tbl_user_type`
--
ALTER TABLE `tbl_user_type`
  ADD PRIMARY KEY (`user_type_id`);

--
-- AUTO_INCREMENT for dumped tables
--

--
-- AUTO_INCREMENT for table `tbl_admin`
--
ALTER TABLE `tbl_admin`
  MODIFY `user_id` int(3) UNSIGNED NOT NULL AUTO_INCREMENT, AUTO_INCREMENT=2001;

--
-- AUTO_INCREMENT for table `tbl_bill_list`
--
ALTER TABLE `tbl_bill_list`
  MODIFY `bill_list_id` int(11) NOT NULL AUTO_INCREMENT, AUTO_INCREMENT=3;

--
-- AUTO_INCREMENT for table `tbl_car`
--
ALTER TABLE `tbl_car`
  MODIFY `car_id` int(4) UNSIGNED NOT NULL AUTO_INCREMENT, AUTO_INCREMENT=4009;

--
-- AUTO_INCREMENT for table `tbl_customer`
--
ALTER TABLE `tbl_customer`
  MODIFY `customer_id` int(3) UNSIGNED NOT NULL AUTO_INCREMENT, AUTO_INCREMENT=3008;

--
-- AUTO_INCREMENT for table `tbl_income_list`
--
ALTER TABLE `tbl_income_list`
  MODIFY `income_list_id` int(11) NOT NULL AUTO_INCREMENT, AUTO_INCREMENT=13;

--
-- AUTO_INCREMENT for table `tbl_order_list`
--
ALTER TABLE `tbl_order_list`
  MODIFY `order_list_id` int(11) NOT NULL AUTO_INCREMENT, AUTO_INCREMENT=9;

--
-- AUTO_INCREMENT for table `tbl_product`
--
ALTER TABLE `tbl_product`
  MODIFY `product_id` int(5) UNSIGNED NOT NULL AUTO_INCREMENT, AUTO_INCREMENT=10121;

--
-- AUTO_INCREMENT for table `tbl_product_cat`
--
ALTER TABLE `tbl_product_cat`
  MODIFY `product_cat_id` int(11) NOT NULL AUTO_INCREMENT, AUTO_INCREMENT=17;

--
-- AUTO_INCREMENT for table `tbl_shop`
--
ALTER TABLE `tbl_shop`
  MODIFY `shop_id` int(11) NOT NULL AUTO_INCREMENT, AUTO_INCREMENT=3;

--
-- AUTO_INCREMENT for table `tbl_staff`
--
ALTER TABLE `tbl_staff`
  MODIFY `staff_id` int(4) UNSIGNED NOT NULL AUTO_INCREMENT, AUTO_INCREMENT=4007;

--
-- AUTO_INCREMENT for table `tbl_stock_list`
--
ALTER TABLE `tbl_stock_list`
  MODIFY `stock_list_id` int(11) NOT NULL AUTO_INCREMENT, AUTO_INCREMENT=5;

--
-- AUTO_INCREMENT for table `tbl_transaction`
--
ALTER TABLE `tbl_transaction`
  MODIFY `transaction_id` int(11) NOT NULL AUTO_INCREMENT, AUTO_INCREMENT=19;

--
-- AUTO_INCREMENT for table `tbl_user`
--
ALTER TABLE `tbl_user`
  MODIFY `user_id` int(3) UNSIGNED NOT NULL AUTO_INCREMENT, AUTO_INCREMENT=2009;
COMMIT;

/*!40101 SET CHARACTER_SET_CLIENT=@OLD_CHARACTER_SET_CLIENT */;
/*!40101 SET CHARACTER_SET_RESULTS=@OLD_CHARACTER_SET_RESULTS */;
/*!40101 SET COLLATION_CONNECTION=@OLD_COLLATION_CONNECTION */;
