/*
Navicat MySQL Data Transfer

Source Server         : localhost_3306
Source Server Version : 50505
Source Host           : localhost:3306
Source Database       : cake_db

Target Server Type    : MYSQL
Target Server Version : 50505
File Encoding         : 65001

Date: 2019-10-31 15:52:42
*/

SET FOREIGN_KEY_CHECKS=0;

-- ----------------------------
-- Table structure for tbl_admin
-- ----------------------------
DROP TABLE IF EXISTS `tbl_admin`;
CREATE TABLE `tbl_admin` (
  `user_id` int(3) unsigned NOT NULL AUTO_INCREMENT,
  `fname` varchar(50) COLLATE utf8_unicode_ci NOT NULL,
  `lname` varchar(50) COLLATE utf8_unicode_ci NOT NULL,
  `address` varchar(200) COLLATE utf8_unicode_ci NOT NULL,
  `tel` varchar(10) COLLATE utf8_unicode_ci NOT NULL,
  `email` varchar(50) COLLATE utf8_unicode_ci NOT NULL,
  `user_name` varchar(30) COLLATE utf8_unicode_ci NOT NULL,
  `pass_word` varchar(30) COLLATE utf8_unicode_ci NOT NULL,
  `admin_status` varchar(1) COLLATE utf8_unicode_ci NOT NULL,
  PRIMARY KEY (`user_id`)
) ENGINE=MyISAM AUTO_INCREMENT=2001 DEFAULT CHARSET=utf8 COLLATE=utf8_unicode_ci;

-- ----------------------------
-- Records of tbl_admin
-- ----------------------------
INSERT INTO `tbl_admin` VALUES ('2000', 'ฐาปนา', 'เสานาราช', 'ขอนแก่น', '938089211', 'thapana.senarach.w@gmail.com', 'admin', '1234', '0');

-- ----------------------------
-- Table structure for tbl_bill
-- ----------------------------
DROP TABLE IF EXISTS `tbl_bill`;
CREATE TABLE `tbl_bill` (
  `bill_code` varchar(20) COLLATE utf8_unicode_ci NOT NULL,
  `bill_date` date NOT NULL,
  `customer_id` int(11) DEFAULT NULL,
  `bill_note` varchar(255) COLLATE utf8_unicode_ci DEFAULT NULL,
  `user_id` int(11) DEFAULT NULL,
  `update_date` timestamp NOT NULL DEFAULT CURRENT_TIMESTAMP ON UPDATE CURRENT_TIMESTAMP,
  `bill_status` enum('N','W','Y') COLLATE utf8_unicode_ci NOT NULL DEFAULT 'W',
  `send_date` date DEFAULT NULL,
  `car_id` int(11) DEFAULT NULL,
  `staff_id` int(11) DEFAULT NULL,
  `sum_qty` int(11) DEFAULT NULL,
  `sum_price` decimal(8,2) DEFAULT NULL,
  `pay_over` decimal(8,2) DEFAULT NULL,
  `money_change` decimal(8,2) DEFAULT NULL,
  PRIMARY KEY (`bill_code`)
) ENGINE=InnoDB DEFAULT CHARSET=utf8 COLLATE=utf8_unicode_ci;

-- ----------------------------
-- Records of tbl_bill
-- ----------------------------
INSERT INTO `tbl_bill` VALUES ('BL6210-0001', '2019-10-31', '3001', '', '2003', '2019-10-31 09:38:09', 'Y', '2019-11-01', '4003', '4004', '2', '1224.00', '1500.00', '276.00');

-- ----------------------------
-- Table structure for tbl_bill_list
-- ----------------------------
DROP TABLE IF EXISTS `tbl_bill_list`;
CREATE TABLE `tbl_bill_list` (
  `bill_list_id` int(11) NOT NULL AUTO_INCREMENT,
  `product_id` int(11) NOT NULL,
  `bill_qty` int(11) NOT NULL DEFAULT '0',
  `bill_price` decimal(8,2) NOT NULL DEFAULT '0.00',
  `bill_code` varchar(20) COLLATE utf8_unicode_ci NOT NULL,
  PRIMARY KEY (`bill_list_id`)
) ENGINE=InnoDB AUTO_INCREMENT=3 DEFAULT CHARSET=utf8 COLLATE=utf8_unicode_ci;

-- ----------------------------
-- Records of tbl_bill_list
-- ----------------------------
INSERT INTO `tbl_bill_list` VALUES ('1', '10001', '3', '360.00', 'BL6210-0001');
INSERT INTO `tbl_bill_list` VALUES ('2', '10006', '3', '48.00', 'BL6210-0001');

-- ----------------------------
-- Table structure for tbl_car
-- ----------------------------
DROP TABLE IF EXISTS `tbl_car`;
CREATE TABLE `tbl_car` (
  `car_id` int(4) unsigned NOT NULL AUTO_INCREMENT,
  `car_name` varchar(150) COLLATE utf8_unicode_ci NOT NULL,
  `car_code` varchar(20) COLLATE utf8_unicode_ci NOT NULL,
  `car_color` varchar(50) COLLATE utf8_unicode_ci NOT NULL,
  `car_status` enum('N','Y') COLLATE utf8_unicode_ci NOT NULL DEFAULT 'Y',
  PRIMARY KEY (`car_id`)
) ENGINE=MyISAM AUTO_INCREMENT=4009 DEFAULT CHARSET=utf8 COLLATE=utf8_unicode_ci;

-- ----------------------------
-- Records of tbl_car
-- ----------------------------
INSERT INTO `tbl_car` VALUES ('4001', 'หกล้อ', '1กท3658', 'ดำ', 'Y');
INSERT INTO `tbl_car` VALUES ('4002', 'รถดั้ม', '2กก3654', 'เทา', 'Y');
INSERT INTO `tbl_car` VALUES ('4003', 'กระบะตอนเดียว', '3ขข5555', 'ทอง', 'Y');
INSERT INTO `tbl_car` VALUES ('4004', 'สิบล้อ', 'กข123', 'ขาว', 'Y');
INSERT INTO `tbl_car` VALUES ('4006', 'หกล้อดั้ม', '1กท3654', 'น้ำเงิน', 'N');
INSERT INTO `tbl_car` VALUES ('4007', 'รถตู้', '5กน666', 'ลายโดราเอมอน', 'Y');
INSERT INTO `tbl_car` VALUES ('4008', 'กะบะสี่ประตู', '1กท3659', 'เหลืองแดง', 'Y');

-- ----------------------------
-- Table structure for tbl_customer
-- ----------------------------
DROP TABLE IF EXISTS `tbl_customer`;
CREATE TABLE `tbl_customer` (
  `customer_id` int(3) unsigned NOT NULL AUTO_INCREMENT,
  `fname` varchar(100) COLLATE utf8_unicode_ci NOT NULL,
  `lname` varchar(100) COLLATE utf8_unicode_ci NOT NULL,
  `address` varchar(200) COLLATE utf8_unicode_ci NOT NULL,
  `tel` varchar(10) COLLATE utf8_unicode_ci NOT NULL,
  `email` varchar(50) COLLATE utf8_unicode_ci NOT NULL,
  PRIMARY KEY (`customer_id`)
) ENGINE=MyISAM AUTO_INCREMENT=3008 DEFAULT CHARSET=utf8 COLLATE=utf8_unicode_ci;

-- ----------------------------
-- Records of tbl_customer
-- ----------------------------
INSERT INTO `tbl_customer` VALUES ('3001', 'มนีรัตน์', 'แสนหวาน', '228 หมู่ 1 ต.นาโพธิ์กลาง อ.โขงเจียม จ.อุบลราชธานี', '899563254', 'cake@gmail.com');
INSERT INTO `tbl_customer` VALUES ('3005', 'เมหาสวน', 'ราชการ', '676/3 หมู่1 ต.โขงเจียม อ.โขงเจียม จ.อุบลราชธานี', '918617832', 'sachai@hotmail.co.th');
INSERT INTO `tbl_customer` VALUES ('3007', 'สุปรีดา', 'แสงมณี', '78 หมู่4 ต.เก่าขาม อ.น ายืน จ.อุบลราชธานี', '23124568', '');

-- ----------------------------
-- Table structure for tbl_income
-- ----------------------------
DROP TABLE IF EXISTS `tbl_income`;
CREATE TABLE `tbl_income` (
  `income_code` varchar(20) COLLATE utf8_unicode_ci NOT NULL,
  `bill_code` varchar(20) COLLATE utf8_unicode_ci DEFAULT NULL,
  `bill_date` date DEFAULT NULL,
  `income_date` date NOT NULL,
  `shop_id` int(11) DEFAULT NULL,
  `income_note` varchar(255) COLLATE utf8_unicode_ci DEFAULT NULL,
  `user_id` int(11) DEFAULT NULL,
  `update_date` timestamp NOT NULL DEFAULT CURRENT_TIMESTAMP ON UPDATE CURRENT_TIMESTAMP,
  `order_code` varchar(20) COLLATE utf8_unicode_ci DEFAULT '',
  `income_status` enum('N','Y') COLLATE utf8_unicode_ci NOT NULL DEFAULT 'Y',
  PRIMARY KEY (`income_code`)
) ENGINE=InnoDB DEFAULT CHARSET=utf8 COLLATE=utf8_unicode_ci;

-- ----------------------------
-- Records of tbl_income
-- ----------------------------
INSERT INTO `tbl_income` VALUES ('IN6210-0001', '64553', '2019-10-31', '2019-10-31', '2', '', '2002', '2019-10-31 09:21:50', 'OR6210-0001', 'Y');

-- ----------------------------
-- Table structure for tbl_income_list
-- ----------------------------
DROP TABLE IF EXISTS `tbl_income_list`;
CREATE TABLE `tbl_income_list` (
  `income_list_id` int(11) NOT NULL AUTO_INCREMENT,
  `product_id` int(11) NOT NULL,
  `income_qty` int(11) NOT NULL DEFAULT '0',
  `income_price` decimal(8,2) NOT NULL DEFAULT '0.00',
  `income_code` varchar(20) COLLATE utf8_unicode_ci NOT NULL,
  PRIMARY KEY (`income_list_id`)
) ENGINE=InnoDB AUTO_INCREMENT=13 DEFAULT CHARSET=utf8 COLLATE=utf8_unicode_ci;

-- ----------------------------
-- Records of tbl_income_list
-- ----------------------------
INSERT INTO `tbl_income_list` VALUES ('2', '10002', '10', '300.00', 'IN6210-0001');
INSERT INTO `tbl_income_list` VALUES ('3', '10003', '10', '255.00', 'IN6210-0001');
INSERT INTO `tbl_income_list` VALUES ('4', '10004', '10', '150.00', 'IN6210-0001');
INSERT INTO `tbl_income_list` VALUES ('6', '10006', '10', '40.00', 'IN6210-0001');
INSERT INTO `tbl_income_list` VALUES ('10', '10001', '15', '300.00', 'IN6210-0001');
INSERT INTO `tbl_income_list` VALUES ('12', '10005', '20', '255.00', 'IN6210-0001');

-- ----------------------------
-- Table structure for tbl_order
-- ----------------------------
DROP TABLE IF EXISTS `tbl_order`;
CREATE TABLE `tbl_order` (
  `order_code` varchar(20) COLLATE utf8_unicode_ci NOT NULL,
  `order_date` date NOT NULL,
  `shop_id` int(11) DEFAULT NULL,
  `order_note` varchar(255) COLLATE utf8_unicode_ci DEFAULT NULL,
  `user_id` int(11) DEFAULT NULL,
  `update_date` timestamp NOT NULL DEFAULT CURRENT_TIMESTAMP ON UPDATE CURRENT_TIMESTAMP,
  `order_status` enum('N','Y') COLLATE utf8_unicode_ci NOT NULL DEFAULT 'Y',
  PRIMARY KEY (`order_code`)
) ENGINE=InnoDB DEFAULT CHARSET=utf8 COLLATE=utf8_unicode_ci;

-- ----------------------------
-- Records of tbl_order
-- ----------------------------
INSERT INTO `tbl_order` VALUES ('OR6210-0001', '2019-10-31', '2', '', '2002', '2019-10-31 09:19:56', 'Y');

-- ----------------------------
-- Table structure for tbl_order_list
-- ----------------------------
DROP TABLE IF EXISTS `tbl_order_list`;
CREATE TABLE `tbl_order_list` (
  `order_list_id` int(11) NOT NULL AUTO_INCREMENT,
  `product_id` int(11) NOT NULL,
  `order_qty` int(11) NOT NULL DEFAULT '0',
  `order_price` decimal(8,2) NOT NULL DEFAULT '0.00',
  `order_code` varchar(20) COLLATE utf8_unicode_ci NOT NULL,
  PRIMARY KEY (`order_list_id`)
) ENGINE=InnoDB AUTO_INCREMENT=9 DEFAULT CHARSET=utf8 COLLATE=utf8_unicode_ci;

-- ----------------------------
-- Records of tbl_order_list
-- ----------------------------
INSERT INTO `tbl_order_list` VALUES ('1', '10001', '10', '300.00', 'OR6210-0001');
INSERT INTO `tbl_order_list` VALUES ('2', '10002', '10', '300.00', 'OR6210-0001');
INSERT INTO `tbl_order_list` VALUES ('3', '10003', '10', '255.00', 'OR6210-0001');
INSERT INTO `tbl_order_list` VALUES ('4', '10004', '10', '150.00', 'OR6210-0001');
INSERT INTO `tbl_order_list` VALUES ('5', '10001', '5', '300.00', 'OR6210-0001');
INSERT INTO `tbl_order_list` VALUES ('6', '10005', '10', '255.00', 'OR6210-0001');
INSERT INTO `tbl_order_list` VALUES ('7', '10005', '10', '255.00', 'OR6210-0001');
INSERT INTO `tbl_order_list` VALUES ('8', '10006', '10', '40.00', 'OR6210-0001');

-- ----------------------------
-- Table structure for tbl_product
-- ----------------------------
DROP TABLE IF EXISTS `tbl_product`;
CREATE TABLE `tbl_product` (
  `product_id` int(5) unsigned NOT NULL AUTO_INCREMENT,
  `product_name` varchar(150) COLLATE utf8_unicode_ci NOT NULL,
  `product_cat_id` int(2) NOT NULL,
  `product_details` varchar(200) COLLATE utf8_unicode_ci NOT NULL,
  `unit_cost` double(8,2) NOT NULL DEFAULT '0.00',
  `unit_price` double(8,2) NOT NULL,
  `unit_name` varchar(50) COLLATE utf8_unicode_ci NOT NULL,
  `product_images` varchar(200) COLLATE utf8_unicode_ci NOT NULL,
  `user_id` int(11) NOT NULL DEFAULT '2000',
  `update_date` timestamp NOT NULL DEFAULT CURRENT_TIMESTAMP ON UPDATE CURRENT_TIMESTAMP,
  `min_stock` int(11) NOT NULL DEFAULT '0',
  PRIMARY KEY (`product_id`)
) ENGINE=InnoDB AUTO_INCREMENT=10121 DEFAULT CHARSET=utf8 COLLATE=utf8_unicode_ci;

-- ----------------------------
-- Records of tbl_product
-- ----------------------------
INSERT INTO `tbl_product` VALUES ('10001', 'หิน 3/4', '14', 'ใช้สำหรับ ผสมปูน เทพื้นคอนกรีต หล่อเสา มีขนาดตั้งแต่ 3/4 นิ้วจนถึง 2 นิ้ว', '300.00', '360.00', 'คิว', '20191025_093740.jpg', '2000', '2019-10-31 11:53:23', '10');
INSERT INTO `tbl_product` VALUES ('10002', 'หิน 2', '14', ' ใช้สำหรับ ผสมปูน เทพื้นคอนกรีต หล่อเสา มีขนาดตั้งแต่ 3/4 นิ้วจนถึง 2นิ้ว', '300.00', '360.00', 'คิว', '20191025_093924.jpg', '2000', '2019-10-31 11:53:18', '10');
INSERT INTO `tbl_product` VALUES ('10003', 'หินเกล็ด', '14', 'ใช้สำหรับ ผสมปูน ปูพื้นสวนหย่อม มีขนาดประมาณเล็บนิ้วก้อย', '255.00', '306.00', 'คิว', '20191025_094413.jpg', '2000', '2019-10-31 11:53:16', '10');
INSERT INTO `tbl_product` VALUES ('10004', 'หินฝุ่น', '14', 'ใช้สำหรับ ผสมปูน ทำอิฐบล๊อก มีลักษณะเป็นผงฝุ่น', '150.00', '180.00', 'คิว', '20191025_094450.jpg', '2000', '2019-10-31 11:53:14', '10');
INSERT INTO `tbl_product` VALUES ('10005', 'หินเขื่อน', '14', 'หินเขื่อน หรือ หินโยน เป็นหินก้อนขนาดใหญ่มีขนาดตั้งแต่ 3 นิ้ว ขึ้นไปจนกระทั่ง 15 นิ้ว (ประมาณ 1 ไม้บรรทัด) แข็งแรง ทนทาน ใช้สำหรับกั้นตลิ่ง ทำเขื่อนกั้นน้ำ หรือใช้ในงานที่ต้องใช้หินขนาดใหญ่', '255.00', '306.00', 'คิว', '20191025_094601.jpg', '2000', '2019-10-31 11:53:11', '10');
INSERT INTO `tbl_product` VALUES ('10006', 'ลูกรัง', '14', 'หินที่ระเบิดมาจากหน้าผา หินมีลักษณะ หยาบ ๆ ดูเป็นเหลี่ยม ๆ เป็นหินที่มีขนาดค่อนข้างเล็ก และ ละเอียด ส่วนมากมีสีน้ำตาลแดง ดินลูกรังที่ดีต้องมีเม็ดปนมาด้วย ส่วนมากใช้สำหรับงานถมที่ ถมถนน', '40.00', '48.00', 'คิว', '20191025_094633.jpg', '2000', '2019-10-31 11:53:09', '10');
INSERT INTO `tbl_product` VALUES ('10007', 'ทรายหยาบ', '14', 'เป็นทรายเม็ดใหญ่ มีเหลี่ยม แง่มุม แข็งแรงดี เหมาะสำหรับใช้เป็นส่วนผสมของคอนกรีตที่ต้องการต้านทานกำลังสูง  เช่น  โครงสร้างสะพาน  อาคารที่เป็นคอนกรีตเสริมเหล็ก ฐานราก เขื่อนกั้นดิน เป็นต้น ทรายหยาบ มีค่', '180.00', '216.00', 'คิว', '20191025_094729.jpg', '2000', '2019-10-31 08:47:24', '10');
INSERT INTO `tbl_product` VALUES ('10008', 'ทรายกลาง', '14', 'เป็นทรายที่มีขนาดปานกลาง ไม่หยาบและไม่ละเอียดนัก เหมาะสำหรับงานปูนทั่วไป  เช่น  นำมาเป็นส่วนผสมของปูนก่อ  สำหรับ ก่ออิฐ  หล่อท่อ หรือใช้เทพื้นคอนกรีตที่ไม่ต้องการความแข็งแรงมากนัก', '180.00', '216.00', 'คิว', '20191025_094855.jpg', '2000', '2019-10-31 08:47:31', '10');
INSERT INTO `tbl_product` VALUES ('10009', 'ทรายระเอียด', '14', 'เป็นทรายเม็ดละเอียดมาก  นำมาใช้กับงานที่ไม่ต้องใช้กำลังมากนัก  เหมาะสำหรับนำมาเป็นส่วนผสมของปูนฉาบผิวหน้า  ทำบัว  ทำลวดลายต่างๆ ทำทรายบังเกอร์สนามกอล์ฟ ทำอิฐมวลเบา จัดว่าเป็นทรายที่มีเนื้อละเอียดมาก ม', '180.00', '216.00', 'คิว', '20191025_094937.jpg', '2000', '2019-10-31 08:47:37', '10');
INSERT INTO `tbl_product` VALUES ('10010', 'ทรายถม', '14', 'ใช้สำหรับปรับพื้นก่อนเทพื้น ใส่ถุงกันน้ำท่วม ถมที่ ถมถนน ', '130.00', '156.00', 'คิว', '20191025_095014.jpg', '2000', '2019-10-31 08:47:44', '10');
INSERT INTO `tbl_product` VALUES ('10011', 'อิฐ TPI G4 20 x 60 x 7.5 cm. เกรด A', '14', 'เป็นวัสดุหลักในการก่อสร้างผนังอาคาร', '20.00', '24.00', 'ก้อน', '20191025_095124.jpg', '2000', '2019-10-31 08:47:54', '100');
INSERT INTO `tbl_product` VALUES ('10012', 'อิฐ คิวคอน Q-CON G2 20 x 60 x 7.5 cm.', '14', 'เป็นวัสดุหลักในการก่อสร้างผนังอาคาร', '21.00', '25.00', 'ก้อน', '20191025_095222.jpg', '2000', '2019-10-31 08:50:08', '100');
INSERT INTO `tbl_product` VALUES ('10013', 'อิฐ คิวคอน Q-CON G4 20 x 60 x 7.5 cm.', '14', 'เป็นวัสดุหลักในการก่อสร้างผนังอาคาร', '22.00', '26.00', 'ก้อน', '20191025_095256.jpg', '2000', '2019-10-31 08:50:14', '100');
INSERT INTO `tbl_product` VALUES ('10014', 'อิฐ คิวคอน Q-CON 20 x 60 x 10 cm.', '14', 'เป็นวัสดุหลักในการก่อสร้างผนังอาคาร', '28.00', '34.00', 'ก้อน', '20191025_095352.jpg', '2000', '2019-10-31 08:50:18', '100');
INSERT INTO `tbl_product` VALUES ('10015', 'อิฐ คิวคอน Q-CON 20 x 60 x 12.5 cm.', '14', 'เป็นวัสดุหลักในการก่อสร้างผนังอาคาร', '35.00', '42.00', 'ก้อน', '20191025_095429.jpg', '2000', '2019-10-31 08:50:23', '100');
INSERT INTO `tbl_product` VALUES ('10016', 'หินคลุก', '14', 'เป็นหินปูนที่มีขนาดแตกต่างกันมาปนกัน ไม่สามารถนำไปเป็นหินก่อสร้าง หรือ นำไปบดเป็นปูนซีเมนต์ได้ เพราะไม่ได้ขนาดหรือแร่ธาตุตามที่ต้องการ โดยส่วนมากใช้สำหรับเป็น ชั้นพื้นทางในงานถนน สามารถใช้หินคลุก ถมถน', '135.00', '162.00', 'คิว', '20191025_095617.jpg', '2000', '2019-10-31 08:50:27', '10');
INSERT INTO `tbl_product` VALUES ('10017', 'อิฐ คิวคอน Q-CON 20 x 60 x 15 cm.', '14', 'เป็นวัสดุหลักในการก่อสร้างผนังอาคาร', '42.00', '50.00', 'ก้อน', '20191025_095741.jpg', '2000', '2019-10-31 08:50:31', '100');
INSERT INTO `tbl_product` VALUES ('10018', 'อิฐ คิวคอน Q-CON 20 x 60 x 17.5 cm.', '14', 'เป็นวัสดุหลักในการก่อสร้างผนังอาคาร', '49.00', '59.00', 'ก้อน', '20191025_095811.jpg', '2000', '2019-10-31 08:50:34', '100');
INSERT INTO `tbl_product` VALUES ('10019', 'อิฐ คิวคอน Q-CON 20 x 60 x 20 cm.', '14', 'เป็นวัสดุหลักในการก่อสร้างผนังอาคาร', '56.00', '67.00', 'ก้อน', '20191025_095840.jpg', '2000', '2019-10-31 08:50:38', '100');
INSERT INTO `tbl_product` VALUES ('10020', 'อิฐ Easy Block (Q-CON ไม่ปั๊มยี่ห้อ) 20 x 60 x 7.5 cm', '14', 'เป็นวัสดุหลักในการก่อสร้างผนังอาคาร', '20.00', '24.00', 'ก้อน', '20191025_095916.jpg', '2000', '2019-10-31 08:50:55', '100');
INSERT INTO `tbl_product` VALUES ('10021', 'อิฐ Easy Block (Q-CON ไม่ปั๊มยี่ห้อ) 20 x 60 x 7.0 cm', '14', 'เป็นวัสดุหลักในการก่อสร้างผนังอาคาร', '20.00', '23.00', 'ก้อน', '20191025_100005.jpg', '2000', '2019-10-31 08:50:58', '100');
INSERT INTO `tbl_product` VALUES ('10022', 'AIR BLOCK G4 20 x 60 x 7.5 cm.', '14', 'เป็นวัสดุหลักในการก่อสร้างผนังอาคาร', '20.00', '23.00', 'ก้อน', '20191025_100032.jpg', '2000', '2019-10-31 08:51:01', '100');
INSERT INTO `tbl_product` VALUES ('10023', 'อิฐ AIR BLOCK G4 20 x 60 x 7.5 cm.(เกรด B)', '14', 'เป็นวัสดุหลักในการก่อสร้างผนังอาคาร', '15.00', '18.00', 'ก้อน', '20191025_100056.jpg', '2000', '2019-10-31 08:51:04', '100');
INSERT INTO `tbl_product` VALUES ('10024', 'อิฐ AIR BLOCK G4 20 x 60 x 10 cm.', '14', 'เป็นวัสดุหลักในการก่อสร้างผนังอาคาร', '26.00', '31.00', 'ก้อน', '20191025_100120.jpg', '2000', '2019-10-31 08:51:06', '100');
INSERT INTO `tbl_product` VALUES ('10025', 'อิฐ AIR BLOCK G4 20 x 60 x 12.5 cm.', '14', 'เป็นวัสดุหลักในการก่อสร้างผนังอาคาร', '33.00', '39.00', 'ก้อน', '20191025_100206.jpg', '2000', '2019-10-31 08:51:08', '100');
INSERT INTO `tbl_product` VALUES ('10026', 'อิฐ AIR BLOCK G4 20 x 60 x 15 cm.', '14', 'เป็นวัสดุหลักในการก่อสร้างผนังอาคาร', '39.00', '47.00', 'ก้อน', '20191025_100243.jpg', '2000', '2019-10-31 08:51:18', '100');
INSERT INTO `tbl_product` VALUES ('10027', 'อิฐ AIR BLOCK G4 20 x 60 x 17.5 cm.', '14', 'เป็นวัสดุหลักในการก่อสร้างผนังอาคาร', '46.00', '55.00', 'ก้อน', '20191025_100309.jpg', '2000', '2019-10-31 08:51:22', '100');
INSERT INTO `tbl_product` VALUES ('10028', 'อิฐ AIR BLOCK G4 20 x 60 x 20 cm.', '14', 'เป็นวัสดุหลักในการก่อสร้างผนังอาคาร', '52.00', '63.00', 'ก้อน', '20191025_100334.jpg', '2000', '2019-10-31 08:51:26', '100');
INSERT INTO `tbl_product` VALUES ('10029', 'อิฐ THAI CON 20 x 60 x 7 cm.', '14', 'เป็นวัสดุหลักในการก่อสร้างผนังอาคาร', '19.00', '22.00', 'ก้อน', '20191025_100408.jpg', '2000', '2019-10-31 08:51:28', '100');
INSERT INTO `tbl_product` VALUES ('10030', 'อิฐ THAI CON 20 x 60 x 7.5 cm.', '14', 'เป็นวัสดุหลักในการก่อสร้างผนังอาคาร', '19.00', '23.00', 'ก้อน', '20191025_100430.jpg', '2000', '2019-10-31 08:51:31', '100');
INSERT INTO `tbl_product` VALUES ('10031', 'อิฐ THAI CON 20 x 60 x 9 cm.', '14', 'เป็นวัสดุหลักในการก่อสร้างผนังอาคาร', '24.00', '29.00', 'ก้อน', '20191025_100453.jpg', '2000', '2019-10-31 08:51:39', '100');
INSERT INTO `tbl_product` VALUES ('10032', 'อิฐ THAI CON 20 x 60 x 10 cm.', '14', 'เป็นวัสดุหลักในการก่อสร้างผนังอาคาร', '27.00', '32.00', 'ก้อน', '20191025_100519.jpg', '2000', '2019-10-31 08:51:41', '100');
INSERT INTO `tbl_product` VALUES ('10033', 'อิฐ THAI CON 20 x 60 x 12.5 cm.', '14', 'เป็นวัสดุหลักในการก่อสร้างผนังอาคาร', '34.00', '40.00', 'ก้อน', '20191025_100541.jpg', '2000', '2019-10-31 08:51:42', '100');
INSERT INTO `tbl_product` VALUES ('10034', 'อิฐ THAI CON 20 x 60 x14 cm.', '14', 'เป็นวัสดุหลักในการก่อสร้างผนังอาคาร', '38.00', '45.00', 'ก้อน', '20191025_100615.jpg', '2000', '2019-10-31 08:51:44', '100');
INSERT INTO `tbl_product` VALUES ('10035', 'อิฐ THAI CON 20 x 60 x 15 cm.', '14', 'เป็นวัสดุหลักในการก่อสร้างผนังอาคาร', '40.00', '48.00', 'ก้อน', '20191025_100639.jpg', '2000', '2019-10-31 08:51:46', '100');
INSERT INTO `tbl_product` VALUES ('10036', 'อิฐ THAI CON 20 x 60 x 17.5 cm.', '14', 'เป็นวัสดุหลักในการก่อสร้างผนังอาคาร', '47.00', '56.00', 'ก้อน', '20191025_100709.jpg', '2000', '2019-10-31 08:51:47', '100');
INSERT INTO `tbl_product` VALUES ('10037', 'อิฐ THAI CON 20 x 60 x 20 cm.', '14', 'เป็นวัสดุหลักในการก่อสร้างผนังอาคาร', '54.00', '65.00', 'ก้อน', '20191025_100730.jpg', '2000', '2019-10-31 08:51:49', '100');
INSERT INTO `tbl_product` VALUES ('10038', 'อิฐ SMART BLOCK 20 x 60 x 7.0 cm.', '14', 'เป็นวัสดุหลักในการก่อสร้างผนังอาคาร', '20.00', '23.00', 'ก้อน', '20191025_100755.jpg', '2000', '2019-10-31 08:51:50', '100');
INSERT INTO `tbl_product` VALUES ('10039', 'อิฐ SMART BLOCK 20 x 60 x 7.5 cm.', '14', 'เป็นวัสดุหลักในการก่อสร้างผนังอาคาร', '20.00', '24.00', 'ก้อน', '20191025_100820.jpg', '2000', '2019-10-31 08:51:52', '100');
INSERT INTO `tbl_product` VALUES ('10040', 'ปูน ทีพีไอ TPI M100 , 100C', '14', 'งานฉาบ ก่อ งานเท', '50.00', '60.00', 'กระสอบ', '20191025_100928.jpg', '2000', '2019-10-31 08:51:54', '30');
INSERT INTO `tbl_product` VALUES ('10041', 'ปูน ทีพีไอ TPI M200 , 210', '14', 'งานฉาบ ก่อ งานเท', '55.00', '66.00', 'กระสอบ', '20191025_100951.jpg', '2000', '2019-10-31 08:51:56', '30');
INSERT INTO `tbl_product` VALUES ('10042', 'ปูน ทีพีไอ TPI M300 , 310', '14', 'งานฉาบ ก่อ งานเท', '45.00', '54.00', 'กระสอบ', '20191025_101020.jpg', '2000', '2019-10-31 08:51:57', '30');
INSERT INTO `tbl_product` VALUES ('10043', 'ปูน ทีพีไอ TPI M400 , M500', '14', 'งานฉาบ ก่อ งานเท', '48.00', '58.00', 'กระสอบ', '20191025_101045.jpg', '2000', '2019-10-31 08:52:00', '30');
INSERT INTO `tbl_product` VALUES ('10044', 'ปูน เอเชีย ดอกบัวเขียว ', '14', 'งานก่อ อิฐ ฉาบปูน สร้างอาคารขนาดเล็ก', '80.00', '96.00', 'กระสอบ', '20191025_101126.jpg', '2000', '2019-10-31 08:52:01', '30');
INSERT INTO `tbl_product` VALUES ('10045', 'ปูน เอเชีย ดอกบัวส้ม', '14', 'เนื้อปูนมีความละเอียดสูง', '85.00', '102.00', 'กระสอบ', '20191025_101159.jpg', '2000', '2019-10-31 08:52:03', '30');
INSERT INTO `tbl_product` VALUES ('10046', 'ปูน เอเชีย ดอกบัวฟ้า', '14', 'เนื้อปูนมีความละเอียดสูง', '90.00', '108.00', 'กระสอบ', '20191025_101224.jpg', '2000', '2019-10-31 08:52:04', '30');
INSERT INTO `tbl_product` VALUES ('10047', 'ปูน เสือ ฉาบ เท', '14', 'งานก่อ อิฐ ฉาบปูน สร้างอาคารขนาดเล็ก', '100.00', '120.00', 'กระสอบ', '20191025_101254.jpg', '2000', '2019-10-31 08:52:06', '30');
INSERT INTO `tbl_product` VALUES ('10048', 'ปูน เสือฉาบสูตรพิเศษ', '14', 'งานก่อ อิฐ ฉาบปูน สร้างอาคารขนาดเล็ก', '95.00', '114.00', 'กระสอบ', '20191025_101318.jpg', '2000', '2019-10-31 08:52:08', '30');
INSERT INTO `tbl_product` VALUES ('10049', 'ปูน ช้าง งานหล่อ', '14', 'งานก่อ อิฐ ฉาบปูน สร้างอาคารขนาดเล็ก', '90.00', '108.00', 'กระสอบ', '20191025_101404.jpg', '2000', '2019-10-31 08:52:10', '30');
INSERT INTO `tbl_product` VALUES ('10050', 'ปูน ช้าง ซีเมนต์ขาว', '14', 'งานก่อ อิฐ ฉาบปูน สร้างอาคารขนาดเล็ก', '95.00', '114.00', 'กระสอบ', '20191025_101434.jpg', '2000', '2019-10-31 08:52:13', '30');
INSERT INTO `tbl_product` VALUES ('10051', 'เสาเข็มหกเหลี่ยมกลวง ขนาด 1.00 -3.00 ม.', '14', 'เสาเข็ม คุณภาพดี ได้มาตรฐาน แข็งแรง ได้รับการยอมรับจากบริษัทรับเหมาก่อสร้างชั้นนำมากมาย รับประกันคุณภาพ', '69.00', '83.00', 'ต้น', '20191025_110946.jpg', '2000', '2019-10-31 08:58:10', '20');
INSERT INTO `tbl_product` VALUES ('10052', 'เสาเข็มหกเหลี่ยมกลวง ขนาด 4.00 -6.00 ม.', '14', 'เสาเข็ม คุณภาพดี ได้มาตรฐาน แข็งแรง ได้รับการยอมรับจากบริษัทรับเหมาก่อสร้างชั้นนำมากมาย รับประกันคุณภาพ', '69.00', '83.00', 'ต้น', '20191025_101548.jpg', '2000', '2019-10-31 08:58:13', '20');
INSERT INTO `tbl_product` VALUES ('10053', 'เสาเข็ม ไอ I 15', '14', 'เสาเข็ม คุณภาพดี ได้มาตรฐาน แข็งแรง ได้รับการยอมรับจากบริษัทรับเหมาก่อสร้างชั้นนำมากมาย รับประกันคุณภาพ', '95.00', '114.00', 'ต้น', '20191025_101616.jpg', '2000', '2019-10-31 08:58:15', '20');
INSERT INTO `tbl_product` VALUES ('10054', 'เสาเข็ม ไอ I 18', '14', 'เสาเข็ม คุณภาพดี ได้มาตรฐาน แข็งแรง ได้รับการยอมรับจากบริษัทรับเหมาก่อสร้างชั้นนำมากมาย รับประกันคุณภาพ', '120.00', '144.00', 'ต้น', '20191025_101639.jpg', '2000', '2019-10-31 08:58:19', '20');
INSERT INTO `tbl_product` VALUES ('10055', 'เสาเข็ม ไอ I 22', '14', 'เสาเข็ม คุณภาพดี ได้มาตรฐาน แข็งแรง ได้รับการยอมรับจากบริษัทรับเหมาก่อสร้างชั้นนำมากมาย รับประกันคุณภาพ', '185.00', '222.00', 'ต้น', '20191025_101703.jpg', '2000', '2019-10-31 08:58:21', '20');
INSERT INTO `tbl_product` VALUES ('10056', 'เสาเข็ม ไอ I 26', '14', 'เสาเข็ม คุณภาพดี ได้มาตรฐาน แข็งแรง ได้รับการยอมรับจากบริษัทรับเหมาก่อสร้างชั้นนำมากมาย รับประกันคุณภาพ', '225.00', '270.00', 'ต้น', '20191025_101728.jpg', '2000', '2019-10-31 08:58:22', '20');
INSERT INTO `tbl_product` VALUES ('10057', 'เสาเข็ม ไอ I 30', '14', 'เสาเข็ม คุณภาพดี ได้มาตรฐาน แข็งแรง ได้รับการยอมรับจากบริษัทรับเหมาก่อสร้างชั้นนำมากมาย รับประกันคุณภาพ', '275.00', '330.00', 'ต้น', '20191025_101750.jpg', '2000', '2019-10-31 08:58:24', '20');
INSERT INTO `tbl_product` VALUES ('10058', 'เสาเข็ม ไอ I 35', '14', 'เสาเข็ม คุณภาพดี ได้มาตรฐาน แข็งแรง ได้รับการยอมรับจากบริษัทรับเหมาก่อสร้างชั้นนำมากมาย รับประกันคุณภาพ', '375.00', '450.00', 'ต้น', '20191025_101814.jpg', '2000', '2019-10-31 08:58:28', '20');
INSERT INTO `tbl_product` VALUES ('10059', 'เสาเข็ม ไอ I 40', '14', 'เสาเข็ม คุณภาพดี ได้มาตรฐาน แข็งแรง ได้รับการยอมรับจากบริษัทรับเหมาก่อสร้างชั้นนำมากมาย รับประกันคุณภาพ', '475.00', '570.00', 'ต้น', '20191025_101839.jpg', '2000', '2019-10-31 08:58:29', '20');
INSERT INTO `tbl_product` VALUES ('10060', 'ลวดเหล็กชุบสังกะสี 5.00', '14', 'ลวดขาวชุบสังกะสี (Galvanized Wire) เกรดเอ ส่งตรงจากโรงงาน สำหรับงานแขวนฝ้า กรงสัตว์เลี้ยง ชั้นวางของ ลวดแขวนกระถางต้นไม้ มีการจัดส่งเข้าสู่ไซด์งานโครงการก่อสร้างขนาดใหญ่', '38.00', '46.00', 'เมตร', '20191025_111127.jpg', '2000', '2019-10-31 08:58:31', '50');
INSERT INTO `tbl_product` VALUES ('10061', 'ลวดเหล็กชุบสังกะสี 4.40', '14', 'ลวดขาวชุบสังกะสี (Galvanized Wire) เกรดเอ ส่งตรงจากโรงงาน สำหรับงานแขวนฝ้า กรงสัตว์เลี้ยง ชั้นวางของ ลวดแขวนกระถางต้นไม้ มีการจัดส่งเข้าสู่ไซด์งานโครงการก่อสร้างขนาดใหญ่', '38.00', '46.00', 'เมตร', '20191025_111154.jpg', '2000', '2019-10-31 08:58:32', '50');
INSERT INTO `tbl_product` VALUES ('10062', 'ลวดเหล็กชุบสังกะสี 4.00', '14', 'ลวดขาวชุบสังกะสี (Galvanized Wire) เกรดเอ ส่งตรงจากโรงงาน สำหรับงานแขวนฝ้า กรงสัตว์เลี้ยง ชั้นวางของ ลวดแขวนกระถางต้นไม้ มีการจัดส่งเข้าสู่ไซด์งานโครงการก่อสร้างขนาดใหญ่', '38.00', '46.00', 'เมตร', '20191025_111220.jpg', '2000', '2019-10-31 08:58:37', '50');
INSERT INTO `tbl_product` VALUES ('10063', 'ลวดเหล็กชุบสังกะสี 3.65', '14', 'ลวดขาวชุบสังกะสี (Galvanized Wire) เกรดเอ ส่งตรงจากโรงงาน สำหรับงานแขวนฝ้า กรงสัตว์เลี้ยง ชั้นวางของ ลวดแขวนกระถางต้นไม้ มีการจัดส่งเข้าสู่ไซด์งานโครงการก่อสร้างขนาดใหญ่', '38.00', '46.00', 'เมตร', '20191025_111246.jpg', '2000', '2019-10-31 08:58:43', '50');
INSERT INTO `tbl_product` VALUES ('10064', 'ลวดเหล็กชุบสังกะสี 3.20', '14', 'ลวดขาวชุบสังกะสี (Galvanized Wire) เกรดเอ ส่งตรงจากโรงงาน สำหรับงานแขวนฝ้า กรงสัตว์เลี้ยง ชั้นวางของ ลวดแขวนกระถางต้นไม้ มีการจัดส่งเข้าสู่ไซด์งานโครงการก่อสร้างขนาดใหญ่', '38.00', '46.00', 'เมตร', '20191025_111311.jpg', '2000', '2019-10-31 08:58:47', '50');
INSERT INTO `tbl_product` VALUES ('10065', 'ลวดเหล็กชุบสังกะสี 3.00', '14', 'ลวดขาวชุบสังกะสี (Galvanized Wire) เกรดเอ ส่งตรงจากโรงงาน สำหรับงานแขวนฝ้า กรงสัตว์เลี้ยง ชั้นวางของ ลวดแขวนกระถางต้นไม้ มีการจัดส่งเข้าสู่ไซด์งานโครงการก่อสร้างขนาดใหญ่', '40.00', '48.00', 'เมตร', '20191025_111334.jpg', '2000', '2019-10-31 08:58:49', '50');
INSERT INTO `tbl_product` VALUES ('10066', 'ลวดเหล็กชุบสังกะสี 2.65', '14', 'ลวดขาวชุบสังกะสี (Galvanized Wire) เกรดเอ ส่งตรงจากโรงงาน สำหรับงานแขวนฝ้า กรงสัตว์เลี้ยง ชั้นวางของ ลวดแขวนกระถางต้นไม้ มีการจัดส่งเข้าสู่ไซด์งานโครงการก่อสร้างขนาดใหญ่', '41.00', '49.00', 'เมตร', '20191025_111359.jpg', '2000', '2019-10-31 08:58:50', '50');
INSERT INTO `tbl_product` VALUES ('10067', 'ลวดเหล็กชุบสังกะสี 2.40', '14', 'ลวดขาวชุบสังกะสี (Galvanized Wire) เกรดเอ ส่งตรงจากโรงงาน สำหรับงานแขวนฝ้า กรงสัตว์เลี้ยง ชั้นวางของ ลวดแขวนกระถางต้นไม้ มีการจัดส่งเข้าสู่ไซด์งานโครงการก่อสร้างขนาดใหญ่', '42.00', '50.00', 'เมตร', '20191025_111431.jpg', '2000', '2019-10-31 08:58:52', '50');
INSERT INTO `tbl_product` VALUES ('10068', 'ลวดเหล็กชุบสังกะสี 2.00', '14', 'ลวดขาวชุบสังกะสี (Galvanized Wire) เกรดเอ ส่งตรงจากโรงงาน สำหรับงานแขวนฝ้า กรงสัตว์เลี้ยง ชั้นวางของ ลวดแขวนกระถางต้นไม้ มีการจัดส่งเข้าสู่ไซด์งานโครงการก่อสร้างขนาดใหญ่', '43.00', '52.00', 'เมตร', '20191025_111503.jpg', '2000', '2019-10-31 08:58:54', '50');
INSERT INTO `tbl_product` VALUES ('10069', 'ลวดเหล็กชุบสังกะสี 1.80', '14', 'ลวดขาวชุบสังกะสี (Galvanized Wire) เกรดเอ ส่งตรงจากโรงงาน สำหรับงานแขวนฝ้า กรงสัตว์เลี้ยง ชั้นวางของ ลวดแขวนกระถางต้นไม้ มีการจัดส่งเข้าสู่ไซด์งานโครงการก่อสร้างขนาดใหญ่', '44.00', '53.00', 'เมตร', '20191025_111523.jpg', '2000', '2019-10-31 08:58:56', '50');
INSERT INTO `tbl_product` VALUES ('10070', 'ลวดเหล็กชุบสังกะสี 1.60', '14', 'ลวดขาวชุบสังกะสี (Galvanized Wire) เกรดเอ ส่งตรงจากโรงงาน สำหรับงานแขวนฝ้า กรงสัตว์เลี้ยง ชั้นวางของ ลวดแขวนกระถางต้นไม้ มีการจัดส่งเข้าสู่ไซด์งานโครงการก่อสร้างขนาดใหญ่', '43.00', '52.00', 'เมตร', '20191025_111544.jpg', '2000', '2019-10-31 08:58:58', '50');
INSERT INTO `tbl_product` VALUES ('10071', 'ลวดเหล็กชุบสังกะสี 1.40', '14', 'ลวดขาวชุบสังกะสี (Galvanized Wire) เกรดเอ ส่งตรงจากโรงงาน สำหรับงานแขวนฝ้า กรงสัตว์เลี้ยง ชั้นวางของ ลวดแขวนกระถางต้นไม้ มีการจัดส่งเข้าสู่ไซด์งานโครงการก่อสร้างขนาดใหญ่', '43.00', '52.00', 'เมตร', '20191025_111611.jpg', '2000', '2019-10-31 08:59:01', '50');
INSERT INTO `tbl_product` VALUES ('10072', 'ลวดเหล็กชุบสังกะสี 1.20', '14', 'ลวดขาวชุบสังกะสี (Galvanized Wire) เกรดเอ ส่งตรงจากโรงงาน สำหรับงานแขวนฝ้า กรงสัตว์เลี้ยง ชั้นวางของ ลวดแขวนกระถางต้นไม้ มีการจัดส่งเข้าสู่ไซด์งานโครงการก่อสร้างขนาดใหญ่', '41.00', '49.00', 'เมตร', '20191025_111632.jpg', '2000', '2019-10-31 08:59:04', '50');
INSERT INTO `tbl_product` VALUES ('10073', 'ลวดเหล็กชุบสังกะสี 1.06', '14', 'ลวดขาวชุบสังกะสี (Galvanized Wire) เกรดเอ ส่งตรงจากโรงงาน สำหรับงานแขวนฝ้า กรงสัตว์เลี้ยง ชั้นวางของ ลวดแขวนกระถางต้นไม้ มีการจัดส่งเข้าสู่ไซด์งานโครงการก่อสร้างขนาดใหญ่', '42.00', '50.00', 'เมตร', '20191025_111707.jpg', '2000', '2019-10-31 09:00:06', '50');
INSERT INTO `tbl_product` VALUES ('10074', 'ลวดเหล็กชุบสังกะสี 0.88', '14', 'ลวดขาวชุบสังกะสี (Galvanized Wire) เกรดเอ ส่งตรงจากโรงงาน สำหรับงานแขวนฝ้า กรงสัตว์เลี้ยง ชั้นวางของ ลวดแขวนกระถางต้นไม้ มีการจัดส่งเข้าสู่ไซด์งานโครงการก่อสร้างขนาดใหญ่', '43.00', '52.00', 'เมตร', '20191025_111730.jpg', '2000', '2019-10-31 09:00:10', '50');
INSERT INTO `tbl_product` VALUES ('10075', 'ลวดเหล็กชุบสังกะสี 0.71', '14', 'ลวดขาวชุบสังกะสี (Galvanized Wire) เกรดเอ ส่งตรงจากโรงงาน สำหรับงานแขวนฝ้า กรงสัตว์เลี้ยง ชั้นวางของ ลวดแขวนกระถางต้นไม้ มีการจัดส่งเข้าสู่ไซด์งานโครงการก่อสร้างขนาดใหญ่', '44.00', '53.00', 'เมตร', '20191025_111809.jpg', '2000', '2019-10-31 09:00:16', '50');
INSERT INTO `tbl_product` VALUES ('10076', 'ลวดเหล็กชุบสังกะสี 0.55', '14', 'ลวดขาวชุบสังกะสี (Galvanized Wire) เกรดเอ ส่งตรงจากโรงงาน สำหรับงานแขวนฝ้า กรงสัตว์เลี้ยง ชั้นวางของ ลวดแขวนกระถางต้นไม้ มีการจัดส่งเข้าสู่ไซด์งานโครงการก่อสร้างขนาดใหญ่', '49.00', '59.00', 'เมตร', '20191025_111832.jpg', '2000', '2019-10-31 09:00:23', '50');
INSERT INTO `tbl_product` VALUES ('10077', 'ลวดเหล็กชุบสังกะสี 0.46', '14', 'ลวดขาวชุบสังกะสี (Galvanized Wire) เกรดเอ ส่งตรงจากโรงงาน สำหรับงานแขวนฝ้า กรงสัตว์เลี้ยง ชั้นวางของ ลวดแขวนกระถางต้นไม้ มีการจัดส่งเข้าสู่ไซด์งานโครงการก่อสร้างขนาดใหญ่', '61.00', '73.00', 'เมตร', '20191025_111856.jpg', '2000', '2019-10-31 09:00:28', '50');
INSERT INTO `tbl_product` VALUES ('10078', 'ไม้อัด สไมล์บอร์ด 8มม x 1.2ม x 2.4ม', '14', 'แผ่นไม้อัดซีเมนต์ ความหนาแน่นสูง ซึ่งเป็นแผ่นไม้แปรรูป ซึ่งสามารถใช้ได้ในงานก่อสร้าง, งานตกแต่งต่อเติม ทุกประเภท ทั้งภายใน และภายนอกอาคาร ไม่ว่าจะเป็น งานพื้น ผนัง ฝ้า เพดาน ฝ้าระแนง แผ่นรองใต้หลังคา ', '370.00', '444.00', 'แผ่น', '20191025_111944.jpg', '2000', '2019-10-31 09:00:33', '50');
INSERT INTO `tbl_product` VALUES ('10079', 'ไม้อัด สไมล์บอร์ด 10มม x 1.2ม x 2.4ม', '14', 'แผ่นไม้อัดซีเมนต์ ความหนาแน่นสูง ซึ่งเป็นแผ่นไม้แปรรูป ซึ่งสามารถใช้ได้ในงานก่อสร้าง, งานตกแต่งต่อเติม ทุกประเภท ทั้งภายใน และภายนอกอาคาร ไม่ว่าจะเป็น งานพื้น ผนัง ฝ้า เพดาน ฝ้าระแนง แผ่นรองใต้หลังคา ', '450.00', '540.00', 'แผ่น', '20191025_112006.jpg', '2000', '2019-10-31 09:00:39', '50');
INSERT INTO `tbl_product` VALUES ('10080', 'ไม้อัด สไมล์บอร์ด 12มม x 1.2ม x 2.4ม', '14', 'แผ่นไม้อัดซีเมนต์ ความหนาแน่นสูง ซึ่งเป็นแผ่นไม้แปรรูป ซึ่งสามารถใช้ได้ในงานก่อสร้าง, งานตกแต่งต่อเติม ทุกประเภท ทั้งภายใน และภายนอกอาคาร ไม่ว่าจะเป็น งานพื้น ผนัง ฝ้า เพดาน ฝ้าระแนง แผ่นรองใต้หลังคา ', '520.00', '624.00', 'แผ่น', '20191025_112030.jpg', '2000', '2019-10-31 09:00:44', '50');
INSERT INTO `tbl_product` VALUES ('10081', 'ไม้อัด สไมล์บอร์ด 16มม x 1.2ม x 2.4ม', '14', 'แผ่นไม้อัดซีเมนต์ ความหนาแน่นสูง ซึ่งเป็นแผ่นไม้แปรรูป ซึ่งสามารถใช้ได้ในงานก่อสร้าง, งานตกแต่งต่อเติม ทุกประเภท ทั้งภายใน และภายนอกอาคาร ไม่ว่าจะเป็น งานพื้น ผนัง ฝ้า เพดาน ฝ้าระแนง แผ่นรองใต้หลังคา ', '650.00', '780.00', 'แผ่น', '20191025_112057.jpg', '2000', '2019-10-31 09:00:50', '30');
INSERT INTO `tbl_product` VALUES ('10082', 'ไม้อัด สไมล์บอร์ด 20มม x 1.2ม x 2.4ม', '14', 'แผ่นไม้อัดซีเมนต์ ความหนาแน่นสูง ซึ่งเป็นแผ่นไม้แปรรูป ซึ่งสามารถใช้ได้ในงานก่อสร้าง, งานตกแต่งต่อเติม ทุกประเภท ทั้งภายใน และภายนอกอาคาร ไม่ว่าจะเป็น งานพื้น ผนัง ฝ้า เพดาน ฝ้าระแนง แผ่นรองใต้หลังคา ', '770.00', '924.00', 'แผ่น', '20191025_112125.jpg', '2000', '2019-10-31 09:00:54', '30');
INSERT INTO `tbl_product` VALUES ('10083', 'ไม้อัด สไมล์บอร์ด 24มม x 1.2ม x 2.4ม', '14', 'แผ่นไม้อัดซีเมนต์ ความหนาแน่นสูง ซึ่งเป็นแผ่นไม้แปรรูป ซึ่งสามารถใช้ได้ในงานก่อสร้าง, งานตกแต่งต่อเติม ทุกประเภท ทั้งภายใน และภายนอกอาคาร ไม่ว่าจะเป็น งานพื้น ผนัง ฝ้า เพดาน ฝ้าระแนง แผ่นรองใต้หลังคา ', '890.00', '1068.00', 'แผ่น', '20191025_112144.jpg', '2000', '2019-10-31 09:01:01', '20');
INSERT INTO `tbl_product` VALUES ('10084', 'แผ่นพื้น 1.00 ม. - 3.00 ม. ลวด 4 เส้น', '14', 'แผ่นพื้น เกรด A คุณภาพเยี่ยม จากโรงหล่อขนาดใหญ่', '215.00', '258.00', 'แผ่น', '20191025_112221.jpg', '2000', '2019-10-31 09:01:08', '20');
INSERT INTO `tbl_product` VALUES ('10085', 'แผ่นพื้น  3.00 ม. - 4.00 ม. ลวด 5 เส้น', '14', 'แผ่นพื้น เกรด A คุณภาพเยี่ยม จากโรงหล่อขนาดใหญ่', '225.00', '270.00', 'แผ่น', '20191025_112244.jpg', '2000', '2019-10-31 09:01:10', '20');
INSERT INTO `tbl_product` VALUES ('10086', 'แผ่นพื้น  3.00 ม. - 4.00 ม. ลวด 6 เส้น', '14', 'แผ่นพื้น เกรด A คุณภาพเยี่ยม จากโรงหล่อขนาดใหญ่', '235.00', '282.00', 'แผ่น', '20191025_112307.jpg', '2000', '2019-10-31 09:01:13', '10');
INSERT INTO `tbl_product` VALUES ('10087', 'แผ่นพื้น  4.00 ม. . ลวด 7 เส้น', '14', 'แผ่นพื้น เกรด A คุณภาพเยี่ยม จากโรงหล่อขนาดใหญ่', '255.00', '306.00', 'แผ่น', '20191025_112327.jpg', '2000', '2019-10-31 09:01:14', '10');
INSERT INTO `tbl_product` VALUES ('10088', 'ตะปูดอกไม้ 3 x #10, 2.1/2 x #10', '14', 'ขายเป็นลัง ลังละ 18 กิโลกรัม', '530.00', '636.00', 'ลัง', '20191025_112353.jpg', '2000', '2019-10-31 09:01:18', '20');
INSERT INTO `tbl_product` VALUES ('10089', 'ตะปูดอกไม้ 2 x #11, 2.1/2 x #12', '14', 'ขายเป็นลัง ลังละ 18 กิโลกรัม', '550.00', '660.00', 'ลัง', '20191025_112418.jpg', '2000', '2019-10-31 09:01:19', '20');
INSERT INTO `tbl_product` VALUES ('10090', 'ตะปูดอกไม้ 3 x #8, 4 x #7, 5 x#5', '14', 'ขายเป็นลัง ลังละ 18 กิโลกรัม', '500.00', '600.00', 'ลัง', '20191025_112446.jpg', '2000', '2019-10-31 09:01:23', '20');
INSERT INTO `tbl_product` VALUES ('10091', 'ตะปูดอกไม้ 4 x #7', '14', 'ขายเป็นลัง ลังละ 18 กิโลกรัม', '550.00', '660.00', 'ลัง', '20191025_112509.jpg', '2000', '2019-10-31 09:01:24', '20');
INSERT INTO `tbl_product` VALUES ('10092', 'ตะปูดอกไม้ 1.1/2 x #13, 2 x #13 ', '14', 'ขายเป็นลัง ลังละ 18 กิโลกรัม', '580.00', '696.00', 'ลัง', '20191025_112533.jpg', '2000', '2019-10-31 09:01:26', '20');
INSERT INTO `tbl_product` VALUES ('10093', 'ตะปูดอกไม้ 1.1/2 x #14, 1.3/4 x #14', '14', 'ขายเป็นลัง ลังละ 18 กิโลกรัม', '600.00', '720.00', 'ลัง', '20191025_112559.jpg', '2000', '2019-10-31 09:01:30', '20');
INSERT INTO `tbl_product` VALUES ('10094', 'ตะปูดอกไม้ 1 x #16, 1 x #17, 1.1/4 x #16', '14', 'ขายเป็นลัง ลังละ 18 กิโลกรัม', '650.00', '780.00', 'ลัง', '20191025_112624.jpg', '2000', '2019-10-31 09:01:34', '20');
INSERT INTO `tbl_product` VALUES ('10095', 'ตะปูดอกไม้ 5/8 x #16', '14', 'ขายเป็นลัง ลังละ 18 กิโลกรัม', '805.00', '966.00', 'ลัง', '20191025_112653.jpg', '2000', '2019-10-31 09:01:38', '20');
INSERT INTO `tbl_product` VALUES ('10096', 'ตะปูดอกไม้ 3/4 x #16, 7/8 x #16', '14', 'ขายเป็นลัง ลังละ 18 กิโลกรัม', '670.00', '804.00', 'ลัง', '20191025_112731.jpg', '2000', '2019-10-31 09:01:39', '20');
INSERT INTO `tbl_product` VALUES ('10097', 'สังกะสี 3 ดาว ลอนเล็ก ขาว 5 ฟุต', '15', 'นำไปใช้สำหรับการมุงหลังคา', '79.00', '95.00', 'แผ่น', '20191025_112812.jpg', '2000', '2019-10-31 09:02:34', '200');
INSERT INTO `tbl_product` VALUES ('10098', 'สังกะสี 3 ดาว ลอนเล็ก ขาว 6 ฟุต', '15', 'นำไปใช้สำหรับการมุงหลังคา', '94.00', '113.00', 'แผ่น', '20191025_112835.jpg', '2000', '2019-10-31 09:02:37', '200');
INSERT INTO `tbl_product` VALUES ('10099', 'สังกะสี 3 ดาว ลอนเล็ก ขาว 7 ฟุต', '15', 'นำไปใช้สำหรับการมุงหลังคา', '100.00', '120.00', 'แผ่น', '20191025_112919.jpg', '2000', '2019-10-31 09:02:39', '200');
INSERT INTO `tbl_product` VALUES ('10100', 'สังกะสี 3 ดาว ลอนเล็ก ขาว 8 ฟุต', '15', 'นำไปใช้สำหรับการมุงหลังคา', '126.00', '151.00', 'แผ่น', '20191025_112945.jpg', '2000', '2019-10-31 09:02:40', '100');
INSERT INTO `tbl_product` VALUES ('10101', 'สังกะสี 3 ดาว ลอนเล็ก ขาว 9 ฟุต', '15', 'นำไปใช้สำหรับการมุงหลังคา', '142.00', '170.00', 'แผ่น', '20191025_113012.jpg', '2000', '2019-10-31 09:02:48', '100');
INSERT INTO `tbl_product` VALUES ('10102', 'สังกะสี 3 ดาว ลอนเล็ก ขาว 10 ฟุต', '15', 'นำไปใช้สำหรับการมุงหลังคา', '158.00', '190.00', 'แผ่น', '20191025_113038.jpg', '2000', '2019-10-31 09:03:22', '100');
INSERT INTO `tbl_product` VALUES ('10103', 'สังกะสี 3 ดาว ลอนเล็ก ขาว 11 ฟุต', '15', 'นำไปใช้สำหรับการมุงหลังคา', '174.00', '209.00', 'แผ่น', '20191025_113104.jpg', '2000', '2019-10-31 09:03:23', '100');
INSERT INTO `tbl_product` VALUES ('10104', 'สังกะสี 3 ดาว ลอนเล็ก ขาว 12 ฟุต', '15', 'นำไปใช้สำหรับการมุงหลังคา', '190.00', '228.00', 'แผ่น', '20191025_113129.jpg', '2000', '2019-10-31 09:03:26', '100');
INSERT INTO `tbl_product` VALUES ('10105', 'หลังคา ลักเซอร์เลีย ขาวนวลจันทร์', '15', 'นำไปใช้สำหรับการมุงหลังคา', '21.00', '25.00', 'แผ่น', '20191025_113207.jpg', '2000', '2019-10-31 09:03:30', '80');
INSERT INTO `tbl_product` VALUES ('10106', 'หลังคา ลักเซอร์เลีย ส้มอมเหลือง', '15', 'นำไปใช้สำหรับการมุงหลังคา', '21.00', '25.00', 'แผ่น', '20191025_113236.jpg', '2000', '2019-10-31 09:03:33', '80');
INSERT INTO `tbl_product` VALUES ('10107', 'หลังคา ลักเซอร์เลีย แดงดาหลา', '15', 'นำไปใช้สำหรับการมุงหลังคา', '18.00', '22.00', 'แผ่น', '20191025_113305.jpg', '2000', '2019-10-31 09:03:37', '80');
INSERT INTO `tbl_product` VALUES ('10108', 'หลังคา ลักเซอร์เลีย น้ำเงินอมตะ', '15', 'นำไปใช้สำหรับการมุงหลังคา', '24.00', '29.00', 'แผ่น', '20191025_113333.jpg', '2000', '2019-10-31 09:03:40', '80');
INSERT INTO `tbl_product` VALUES ('10109', 'หลังคา ลอนคู่ แดงเรืองรอง', '15', 'นำไปใช้สำหรับการมุงหลังคา', '55.00', '66.00', 'แผ่น', '20191025_113544.jpg', '2000', '2019-10-31 09:03:42', '80');
INSERT INTO `tbl_product` VALUES ('10110', 'หลังคา ลอนคู่ ฟ้าน้ำทะเล', '15', 'นำไปใช้สำหรับการมุงหลังคา', '55.00', '66.00', 'แผ่น', '20191025_113608.jpg', '2000', '2019-10-31 09:03:44', '80');
INSERT INTO `tbl_product` VALUES ('10111', 'หลังคา ลอนคู่ อิธศิลา', '15', 'นำไปใช้สำหรับการมุงหลังคา', '55.00', '66.00', 'แผ่น', '20191025_113630.jpg', '2000', '2019-10-31 09:03:47', '80');
INSERT INTO `tbl_product` VALUES ('10112', 'หลังคา ลอนคู่ เขียววิจัตร', '15', 'นำไปใช้สำหรับการมุงหลังคา', '55.00', '66.00', 'แผ่น', '20191025_113652.jpg', '2000', '2019-10-31 09:03:51', '80');
INSERT INTO `tbl_product` VALUES ('10113', 'หลังคา ยูโทเปีย เหลือเบยจมาศ', '15', 'นำไปใช้สำหรับการมุงหลังคา', '21.00', '25.00', 'แผ่น', '20191025_113716.jpg', '2000', '2019-10-31 09:03:53', '80');
INSERT INTO `tbl_product` VALUES ('10114', 'หลังคา ยูโทเปีย ทองประกาย', '15', 'นำไปใช้สำหรับการมุงหลังคา', '21.00', '25.00', 'แผ่น', '20191025_113745.jpg', '2000', '2019-10-31 09:03:55', '80');
INSERT INTO `tbl_product` VALUES ('10115', 'หลังคา ยูโทเปีย น้ำเงินอมตะ', '15', 'นำไปใช้สำหรับการมุงหลังคา', '21.00', '25.00', 'แผ่น', '20191025_113807.jpg', '2000', '2019-10-31 09:03:58', '80');
INSERT INTO `tbl_product` VALUES ('10116', 'หลังคา ยูโทเปีย เขียวบหงา', '15', 'นำไปใช้สำหรับการมุงหลังคา', '21.00', '25.00', 'แผ่น', '20191025_113826.jpg', '2000', '2019-10-31 09:04:03', '80');
INSERT INTO `tbl_product` VALUES ('10117', 'กระเบื้อง JAGUAR 8x10 นิวอินธุอร', '16', 'ขนาด 20x25cm (8', '149.00', '179.00', 'กล่อง', '20191025_113905.jpg', '2000', '2019-10-31 09:04:12', '100');
INSERT INTO `tbl_product` VALUES ('10118', 'กระเบื้อง JAGUAR 8x10 นิวซาร่า', '16', 'ขนาด 20x25cm (8', '139.00', '167.00', 'กล่อง', '20191025_113935.jpg', '2000', '2019-10-31 09:04:15', '100');
INSERT INTO `tbl_product` VALUES ('10119', 'กระเบื้อง DURAGRES 16x16 กระเบื้องระเบียงไม้น้ำตาลเข้ม', '16', 'ขนาด 40x40cm (16', '199.00', '239.00', 'กล่อง', '20191025_114003.jpg', '2000', '2019-10-31 09:04:19', '80');
INSERT INTO `tbl_product` VALUES ('10120', 'กระเบื้อง JAGUAR 16x16 กระเบื้องสามชุก ', '16', 'ขนาด 40x40cm (16', '179.00', '215.00', 'กล่อง', '20191025_114033.jpg', '2000', '2019-10-31 09:04:22', '80');

-- ----------------------------
-- Table structure for tbl_product_cat
-- ----------------------------
DROP TABLE IF EXISTS `tbl_product_cat`;
CREATE TABLE `tbl_product_cat` (
  `product_cat_id` int(11) NOT NULL AUTO_INCREMENT,
  `product_cat_name` varchar(255) COLLATE utf8_unicode_ci NOT NULL,
  PRIMARY KEY (`product_cat_id`)
) ENGINE=InnoDB AUTO_INCREMENT=17 DEFAULT CHARSET=utf8 COLLATE=utf8_unicode_ci;

-- ----------------------------
-- Records of tbl_product_cat
-- ----------------------------
INSERT INTO `tbl_product_cat` VALUES ('14', 'วัสดุอปกรณ์ก่อสร้างทั่วไป');
INSERT INTO `tbl_product_cat` VALUES ('15', 'วัสดุอุปกรณ์ก่อสร้างสำหรับมุงหลังคา');
INSERT INTO `tbl_product_cat` VALUES ('16', 'วัสดุที่ใช้ปูพื้น');

-- ----------------------------
-- Table structure for tbl_shop
-- ----------------------------
DROP TABLE IF EXISTS `tbl_shop`;
CREATE TABLE `tbl_shop` (
  `shop_id` int(11) NOT NULL AUTO_INCREMENT,
  `shop_name` varchar(200) COLLATE utf8_unicode_ci DEFAULT NULL,
  `address` varchar(255) COLLATE utf8_unicode_ci DEFAULT NULL,
  `tel` varchar(50) COLLATE utf8_unicode_ci DEFAULT NULL,
  `user_id` int(11) DEFAULT NULL,
  `update_date` timestamp NOT NULL DEFAULT CURRENT_TIMESTAMP ON UPDATE CURRENT_TIMESTAMP,
  PRIMARY KEY (`shop_id`)
) ENGINE=InnoDB AUTO_INCREMENT=3 DEFAULT CHARSET=utf8 COLLATE=utf8_unicode_ci;

-- ----------------------------
-- Records of tbl_shop
-- ----------------------------
INSERT INTO `tbl_shop` VALUES ('1', 'เม็กกะไบท์', 'ขอนแก่น', '0918617832', null, '2019-10-19 21:16:46');
INSERT INTO `tbl_shop` VALUES ('2', 'จิจ๊ะคอนกรีต', '634 หมู่ 7 ต.ผักปัง อ.ภูเขียว จ.ชัยภูมิ 36110', '0844666734', null, '2019-10-31 09:19:51');

-- ----------------------------
-- Table structure for tbl_staff
-- ----------------------------
DROP TABLE IF EXISTS `tbl_staff`;
CREATE TABLE `tbl_staff` (
  `staff_id` int(4) unsigned NOT NULL AUTO_INCREMENT,
  `fname` varchar(100) COLLATE utf8_unicode_ci NOT NULL,
  `lname` varchar(100) COLLATE utf8_unicode_ci NOT NULL,
  `address` varchar(200) COLLATE utf8_unicode_ci NOT NULL,
  `tel` varchar(10) COLLATE utf8_unicode_ci NOT NULL,
  `staff_occ` varchar(150) COLLATE utf8_unicode_ci DEFAULT NULL,
  `staff_status` enum('N','Y') COLLATE utf8_unicode_ci NOT NULL DEFAULT 'Y',
  PRIMARY KEY (`staff_id`)
) ENGINE=MyISAM AUTO_INCREMENT=4007 DEFAULT CHARSET=utf8 COLLATE=utf8_unicode_ci;

-- ----------------------------
-- Records of tbl_staff
-- ----------------------------
INSERT INTO `tbl_staff` VALUES ('4001', 'นายแดง', 'สมโตคร', 'เขาวง', '855647819', 'คนขับรถ', 'Y');
INSERT INTO `tbl_staff` VALUES ('4002', 'ดำมี่', 'ขาเต็ม', 'ขอนแก่น', '918617832', 'คนงาน', 'Y');
INSERT INTO `tbl_staff` VALUES ('4003', 'นพ', 'เจ้า', 'เขาวง', '899563254', 'แม่บ้าน', 'Y');
INSERT INTO `tbl_staff` VALUES ('4004', 'ฟ้าใส', 'ฝนตก', 'เขาวง', '966356434', 'คนงาน', 'Y');
INSERT INTO `tbl_staff` VALUES ('4006', 'สวนทาง', 'หลงทาง', 'ขอนแก่น', '918617832', 'คนสวน', 'Y');

-- ----------------------------
-- Table structure for tbl_stock
-- ----------------------------
DROP TABLE IF EXISTS `tbl_stock`;
CREATE TABLE `tbl_stock` (
  `stock_code` varchar(20) COLLATE utf8_unicode_ci NOT NULL,
  `user_id` int(11) NOT NULL,
  `stock_date` date NOT NULL,
  `update_date` timestamp NOT NULL DEFAULT CURRENT_TIMESTAMP ON UPDATE CURRENT_TIMESTAMP,
  PRIMARY KEY (`stock_code`)
) ENGINE=InnoDB DEFAULT CHARSET=utf8 COLLATE=utf8_unicode_ci;

-- ----------------------------
-- Records of tbl_stock
-- ----------------------------
INSERT INTO `tbl_stock` VALUES ('ST6210-0001', '2002', '2019-10-31', '2019-10-31 09:25:38');
INSERT INTO `tbl_stock` VALUES ('ST6210-0002', '2002', '2019-10-31', '2019-10-31 09:26:04');

-- ----------------------------
-- Table structure for tbl_stock_list
-- ----------------------------
DROP TABLE IF EXISTS `tbl_stock_list`;
CREATE TABLE `tbl_stock_list` (
  `stock_list_id` int(11) NOT NULL AUTO_INCREMENT,
  `stock_code` varchar(20) COLLATE utf8_unicode_ci NOT NULL,
  `product_id` int(11) NOT NULL,
  `stock_qty` int(11) NOT NULL,
  `cut_stock_qty` int(11) NOT NULL,
  `stock_note` varchar(255) COLLATE utf8_unicode_ci DEFAULT NULL,
  PRIMARY KEY (`stock_list_id`)
) ENGINE=InnoDB AUTO_INCREMENT=9 DEFAULT CHARSET=utf8 COLLATE=utf8_unicode_ci;

-- ----------------------------
-- Records of tbl_stock_list
-- ----------------------------
INSERT INTO `tbl_stock_list` VALUES ('5', 'ST6210-0001', '10002', '10', '10', '');
INSERT INTO `tbl_stock_list` VALUES ('6', 'ST6210-0001', '10040', '0', '200', 'ยอดยกมาครั้งแรก');
INSERT INTO `tbl_stock_list` VALUES ('7', 'ST6210-0001', '10057', '0', '40', 'ยอดยกมาครั้งแรก');
INSERT INTO `tbl_stock_list` VALUES ('8', 'ST6210-0002', '10017', '0', '300', 'ยอดยกมาครั้งแรก');

-- ----------------------------
-- Table structure for tbl_store
-- ----------------------------
DROP TABLE IF EXISTS `tbl_store`;
CREATE TABLE `tbl_store` (
  `store_id` int(11) NOT NULL,
  `store_name` varchar(200) COLLATE utf8_unicode_ci DEFAULT NULL,
  `store_address` varchar(255) COLLATE utf8_unicode_ci DEFAULT NULL,
  `store_tel` varchar(60) COLLATE utf8_unicode_ci DEFAULT NULL,
  PRIMARY KEY (`store_id`)
) ENGINE=InnoDB DEFAULT CHARSET=utf8 COLLATE=utf8_unicode_ci;

-- ----------------------------
-- Records of tbl_store
-- ----------------------------
INSERT INTO `tbl_store` VALUES ('1', 'ร้านถวัชชัยก่อสร้าง', '329 หมู่ 2 ต.ผักปัง อ.ภูเขียว จ.ชัยภูมิ 36110', '0878564659');

-- ----------------------------
-- Table structure for tbl_transaction
-- ----------------------------
DROP TABLE IF EXISTS `tbl_transaction`;
CREATE TABLE `tbl_transaction` (
  `transaction_id` int(11) NOT NULL AUTO_INCREMENT,
  `transaction_code` varchar(20) COLLATE utf8_unicode_ci NOT NULL,
  `transaction_date` date NOT NULL,
  `product_id` int(11) NOT NULL,
  `transaction_qty` int(11) NOT NULL,
  `transaction_price` decimal(8,2) NOT NULL DEFAULT '0.00',
  `transaction_cost` decimal(8,2) NOT NULL DEFAULT '0.00',
  `transaction_sum_price` decimal(8,2) NOT NULL DEFAULT '0.00',
  `transaction_sum_cost` decimal(8,2) NOT NULL DEFAULT '0.00',
  `cut_stock_qty` int(11) NOT NULL DEFAULT '0',
  `stock_type` enum('N','Y') COLLATE utf8_unicode_ci NOT NULL DEFAULT 'N',
  `update_date` timestamp NOT NULL DEFAULT CURRENT_TIMESTAMP ON UPDATE CURRENT_TIMESTAMP,
  PRIMARY KEY (`transaction_id`)
) ENGINE=InnoDB AUTO_INCREMENT=23 DEFAULT CHARSET=utf8 COLLATE=utf8_unicode_ci;

-- ----------------------------
-- Records of tbl_transaction
-- ----------------------------
INSERT INTO `tbl_transaction` VALUES ('2', 'IN6210-0001', '2019-10-31', '10002', '10', '300.00', '300.00', '3000.00', '3000.00', '0', 'N', '2019-10-31 11:56:17');
INSERT INTO `tbl_transaction` VALUES ('3', 'IN6210-0001', '2019-10-31', '10003', '10', '255.00', '255.00', '2550.00', '2550.00', '0', 'N', '2019-10-31 11:56:26');
INSERT INTO `tbl_transaction` VALUES ('4', 'IN6210-0001', '2019-10-31', '10004', '10', '150.00', '150.00', '1500.00', '1500.00', '0', 'N', '2019-10-31 11:56:33');
INSERT INTO `tbl_transaction` VALUES ('6', 'IN6210-0001', '2019-10-31', '10006', '10', '40.00', '40.00', '400.00', '400.00', '0', 'N', '2019-10-31 11:56:41');
INSERT INTO `tbl_transaction` VALUES ('10', 'IN6210-0001', '2019-10-31', '10001', '15', '300.00', '300.00', '4500.00', '4500.00', '0', 'N', '2019-10-31 11:57:20');
INSERT INTO `tbl_transaction` VALUES ('12', 'IN6210-0001', '2019-10-31', '10005', '20', '255.00', '255.00', '5100.00', '5100.00', '0', 'N', '2019-10-31 11:57:58');
INSERT INTO `tbl_transaction` VALUES ('17', 'BL6210-0001', '2019-10-31', '10001', '-3', '360.00', '300.00', '1080.00', '900.00', '0', 'N', '2019-10-31 11:55:57');
INSERT INTO `tbl_transaction` VALUES ('18', 'BL6210-0001', '2019-10-31', '10006', '-3', '48.00', '40.00', '144.00', '120.00', '0', 'N', '2019-10-31 11:56:04');
INSERT INTO `tbl_transaction` VALUES ('19', 'ST6210-0001', '2019-10-31', '10002', '0', '360.00', '300.00', '0.00', '0.00', '10', 'Y', '2019-10-31 15:33:34');
INSERT INTO `tbl_transaction` VALUES ('20', 'ST6210-0001', '2019-10-31', '10040', '200', '60.00', '50.00', '0.00', '0.00', '200', 'Y', '2019-10-31 15:36:48');
INSERT INTO `tbl_transaction` VALUES ('21', 'ST6210-0001', '2019-10-31', '10057', '40', '330.00', '275.00', '0.00', '0.00', '40', 'Y', '2019-10-31 15:37:10');
INSERT INTO `tbl_transaction` VALUES ('22', 'ST6210-0002', '2019-10-31', '10017', '300', '50.00', '42.00', '0.00', '0.00', '300', 'Y', '2019-10-31 15:38:07');

-- ----------------------------
-- Table structure for tbl_user
-- ----------------------------
DROP TABLE IF EXISTS `tbl_user`;
CREATE TABLE `tbl_user` (
  `user_id` int(3) unsigned NOT NULL AUTO_INCREMENT,
  `fname` varchar(100) CHARACTER SET utf8 COLLATE utf8_unicode_ci NOT NULL,
  `lname` varchar(100) CHARACTER SET utf8 COLLATE utf8_unicode_ci NOT NULL,
  `address` varchar(200) COLLATE utf32_unicode_ci NOT NULL,
  `tel` varchar(10) COLLATE utf32_unicode_ci NOT NULL,
  `email` varchar(50) CHARACTER SET utf8 COLLATE utf8_unicode_ci NOT NULL,
  `user_name` varchar(30) CHARACTER SET utf8 COLLATE utf8_unicode_ci NOT NULL,
  `pass_word` varchar(30) CHARACTER SET utf8 COLLATE utf8_unicode_ci NOT NULL,
  `user_status` enum('N','Y') CHARACTER SET utf8 COLLATE utf8_unicode_ci NOT NULL DEFAULT 'Y',
  `user_type_id` int(11) NOT NULL DEFAULT '2',
  PRIMARY KEY (`user_id`)
) ENGINE=MyISAM AUTO_INCREMENT=2009 DEFAULT CHARSET=utf32 COLLATE=utf32_unicode_ci;

-- ----------------------------
-- Records of tbl_user
-- ----------------------------
INSERT INTO `tbl_user` VALUES ('2001', 'ถวัชชัย', 'ลอง', 'ถถถถ', '9112345', 'tawatchai@gmail.com', 'owner', '1234', 'Y', '1');
INSERT INTO `tbl_user` VALUES ('2002', 'ณัฐวดี', 'ศรีหาตา', 'ขอนแก่น', '934625986', 'airport@gmail.com', 'accounting', '1234', 'Y', '3');
INSERT INTO `tbl_user` VALUES ('2003', 'หนู', 'จ้า', 'บ้าน', '933333333', 'rat@gmail.com', 'cashier', '1234', 'Y', '2');
INSERT INTO `tbl_user` VALUES ('2006', 'นภัทรศร', 'แส่โง่ว', 'เขาวง', '931236666', 'rat@gmail.com', 'test', '1234', 'Y', '2');
INSERT INTO `tbl_user` VALUES ('2008', 'ทดสอบ', 'ทดสอบนามสกุล', 'ขอนแก่น', '918617832', 'ussachai@hotmail.co.th', 'admin2', '1234', 'Y', '4');

-- ----------------------------
-- Table structure for tbl_user_type
-- ----------------------------
DROP TABLE IF EXISTS `tbl_user_type`;
CREATE TABLE `tbl_user_type` (
  `user_type_id` int(11) NOT NULL,
  `user_type_name` varchar(200) COLLATE utf8_unicode_ci NOT NULL,
  PRIMARY KEY (`user_type_id`)
) ENGINE=InnoDB DEFAULT CHARSET=utf8 COLLATE=utf8_unicode_ci;

-- ----------------------------
-- Records of tbl_user_type
-- ----------------------------
INSERT INTO `tbl_user_type` VALUES ('1', 'เจ้าของกิจการ');
INSERT INTO `tbl_user_type` VALUES ('2', 'พนักงานแคชเชียร์');
INSERT INTO `tbl_user_type` VALUES ('3', 'พนักงานการเงิน-บัญชี');
INSERT INTO `tbl_user_type` VALUES ('4', 'ผู้ดูแลระบบ');
